id,bonusValue,gfxID,scaleX,scaleY,sex,color1,color2,color3,accessories,extraClip,customArtWork,initQuestion,ventes,quests,exchanges,path,informations,actions
1,0,6000,100,100,1,-1,-1,-1,"0,0,0,0",-1,0,-1,,,,,0,3
23,0,9013,100,100,1,8017470,12288585,16770534,"0,0,0,0,0",-1,0,-1,-1,,,,0,"1,2,3"
26,0,9013,100,100,1,5197647,-1,13336370,"0,0,0,0,0",-1,0,-1,-1,,,,0,"1,3"
35,0,9012,100,100,1,1252453,15264239,3349067,"0,0,0,0,0",-1,0,-1,-1,,,,0,"1,3"
37,0,9024,100,100,0,-1,-1,-1,"0,0,0,0,0",-1,0,81,,,,,0,"1,3"
38,0,9027,100,100,0,-1,-1,-1,"0,0,0,0,0",-1,0,100,,,377:100|683:1,,0,"1,2,3"
40,0,9025,100,100,0,-1,-1,-1,"0,0,0,0,0",-1,0,-1,,,,,0,"1,3"
41,0,9022,100,100,0,-1,-1,-1,"0,0,0,0,0",-1,0,-1,,,,,0,"1,3"
42,0,9021,100,100,1,-1,-1,-1,"0,0,0,0",-1,0,-1,,,383:100|802:1,,0,"1,2,3"
43,0,9029,100,100,0,-1,-1,-1,"0,0,0,0,0",-1,0,-1,,,304:1|498:1,,0,"1,2,3"
45,0,9023,100,100,0,7042200,-1,5703720,"0,0,0,0,0",-1,0,98,,,,,0,"1,3"
46,0,9026,100,100,0,0,0,0,"0,0,0,0",-1,0,-1,,,860:100|686:1~499:1|290:1,,0,"1,2,3"
47,0,9028,100,100,1,-1,-1,-1,"0,0,0,0,0",-1,0,90,,,850:100|798:1~423:100|420:100~303:1|420:1,,0,"1,2,3"
51,0,9030,100,100,0,-1,-1,-1,"0,0,0,0,0",-1,0,25,-1,,,,0,"1,2,3"
52,0,9033,100,100,1,-1,-1,-1,",,,,",-1,0,-1,-1,,783:1|809:1,,0,"1,2,3"
53,0,9031,100,100,0,-1,-1,-1,"0,0,0,0,0",-1,0,"427,30|427,4256|427,4258",-1,245,,G2;B1,0,"1,2,3"
54,0,9032,100,100,1,-1,-1,-1,"0,0,0,0,0",-1,9570,-1,-1,,,G1;D2,0,3
55,,,,,,,,,,,,,,,,,,3
57,0,9034,100,100,0,-1,-1,-1,"0,0,0,0,0",-1,0,-1,-1,,,,0,"1,2,3"
58,0,9015,100,100,0,-1,-1,-1,"0,0,0,0,0",-1,0,-1,-1,,,,0,"1,3"
59,0,9035,100,100,1,-1,-1,-1,"0,0,0,0",-1,0,33,454,,919:1|920:1~436:1|501:1,D1;B2;G1;D2,0,"1,2,3"
60,,,,,,,,,,,,,,,,,,"1,2,3"
61,0,9025,100,100,0,-1,-1,-1,"0,0,0,0",-1,0,-1,,,,,0,"1,2,3"
62,0,9015,100,100,0,-1,-1,-1,"0,0,0,0,0",-1,0,38,-1,,,,0,"1,3"
63,,,,,,,,,,,,,,,,,,"1,3"
66,0,9036,100,100,0,-1,-1,-1,"0,0,0,0,0",-1,0,53,-1,,,,0,"1,3"
78,0,1010,100,100,0,-1,-1,-1,"0,0,0,0,0",-1,0,411,,,,,0,3
79,0,9020,100,100,0,-1,-1,-1,"0,0,0,0",-1,0,121,,,387:100|806:1,,0,"1,2,3"
80,0,9025,100,100,0,-1,-1,-1,"0,0,0,0,0",-1,0,-1,-1,,,,0,3
81,0,9012,100,100,1,1519221,15642492,14851125,"0,0,0,0,0",-1,0,-1,-1,,,,0,"1,2,3"
82,0,9023,100,100,0,-1,-1,-1,"0,0,0,0,0",-1,0,-1,-1,,,,0,3
83,0,9023,100,100,0,-1,-1,-1,"0,0,0,0,0",-1,0,-1,-1,,,,0,3
84,,,,,,,,,,,,,,,,,,3
87,,,,,,,,,,,,,,,,,,"2,3"
88,0,9003,100,100,0,0,0,0,"0,0,0,0",-1,0,243,,,"307:200,290:90,288:75,427:60|805:1",,0,"2,3"
89,0,9013,100,100,1,16305964,3689830,11171136,"0,0,0,0,0",-1,0,258,-1,,,,0,3
90,0,9023,100,100,0,-1,-1,-1,"0,0,0,0,0",-1,0,278,-1,,,,0,"2,3"
91,0,9045,100,100,0,5524810,9612261,14674175,"0,0,0,0,0",-1,0,283,-1,,,,0,"2,3"
92,,,,,,,,,,,,,,,,,,"1,2,3"
93,,,,,,,,,,,,,,,,,,"2,3"
94,0,9030,100,100,0,-1,-1,-1,"0,0,0,0,0",-1,0,-1,-1,,,,0,"2,3"
95,0,9041,100,100,0,10713946,13158601,5600876,"0,0,0,0,0",-1,0,-1,-1,,,,0,"2,3"
96,,,,,,,,,,,,,,,,,,3
97,0,9046,100,100,0,-1,-1,-1,"0,0,0,0,0",-1,0,-1,-1,,,,0,"2,3"
98,,,,,,,,,,,,,,,,,,"2,3"
99,,,,,,,,,,,,,,,,,,"2,3"
100,0,9048,100,100,0,-1,-1,15184663,"0,0,0,0",-1,0,318,,,,,0,3
101,0,9015,100,100,0,0,0,0,"0,0,0,0",-1,0,-1,,,"393:70|799:1~432:45,407:75,379:75,448:30|797:1",,0,"2,3"
102,0,9041,100,100,0,-1,14188164,12463427,"0,0,0,0,0",-1,0,-1,-1,,,,0,"2,3"
103,0,9044,100,100,1,-1,-1,-1,"0,0,0,0,0",-1,0,-1,-1,,,,0,3
104,0,9045,100,100,0,-1,15179606,16371096,"0,0,0,0,0",-1,0,-1,-1,,362:100|683:1~315:5|684:1,,0,"2,3"
105,,,,,,,,,,,,,,,,,,3
106,0,9047,100,100,0,0,0,0,"0,0,0,0",-1,0,-1,,,"393:75,374:75,309:70|800:1~393:80,374:80,309:80,378:20|801:1",,0,"2,3"
107,0,9043,100,100,1,10555914,-1,5250076,",,,,",-1,0,-1,-1,,"757:60,369:25,368:30,370:1,2242:1|810:1",,0,"2,3"
108,0,9014,100,100,1,-1,-1,-1,"0,0,0,0,0",-1,0,-1,-1,,407:80|683:1,,0,"2,3"
109,0,9042,100,100,1,16312467,-1,-1,"0,0,0,0,0",-1,0,364,-1,,"757:60,369:20,368:25|808:1",,0,"2,3"
110,0,9043,100,100,1,-1,-1,-1,"0,0,0,0,0",-1,0,-1,-1,,"757:80,369:30|807:1",,0,"2,3"
111,0,9015,100,100,0,-1,-1,-1,"0,0,0,0,0",-1,0,-1,-1,,"407:70,379:70|795:1~379:75,407:75,432:45,448:30|797:1",,0,"2,3"
112,0,9041,100,100,0,10444639,10859849,1662745,"0,0,0,0",-1,0,21060,,,757:100|806:1,,0,"2,3"
113,0,9014,100,100,1,-1,-1,-1,"0,0,0,0,0",-1,0,376,-1,,290:100|802:1,,0,"2,3"
114,0,9082,100,100,0,12201245,10950848,-1,"0,0,0,0,0",-1,0,-1,-1,,"290:80,288:60|803:1",,0,"2,3"
115,0,9029,100,100,0,-1,-1,-1,"0,0,0,0,0",-1,0,379,,,"290:90,288:70,427:40|804:1",,0,"1,2,3"
117,0,9045,100,100,0,-1,-1,-1,"0,0,0,0",-1,0,-1,,,"382:40,365:60,395:55,438:15|814:1",,0,"2,3"
118,0,9037,100,100,0,-1,-1,-1,"0,0,0,0,0",-1,0,-1,-1,,"432:40,407:70,379:75|796:1~393:70,374:70|799:1",,0,"2,3"
119,0,120,100,100,0,16380145,-1,-1,"0,2010,0,0,0",-1,0,386,-1,,"382:40,365:75,395:60|812:1",H2;G2,0,"2,3"
120,0,9041,100,100,0,2099287,6241306,11635033,"0,0,0,0,0",-1,0,-1,-1,,,,0,"2,3"
121,0,9048,100,100,0,0,0,0,"0,0,0,0",-1,0,-1,,,"365:90,395:65|811:1",,0,"2,3"
122,0,9041,100,100,0,1447446,3553666,4291938,"0,0,0,0,0",-1,0,-1,-1,,365:80|809:1,,0,"2,3"
123,0,9047,100,100,0,-1,-1,-1,"0,0,0,0,0",-1,0,-1,,,"376:40,362:60,364:50,363:50,752:30|817:1",,0,"2,3"
124,0,9014,100,100,0,0,0,0,"0,0,0,0",-1,0,-1,,,"362:50,364:40,363:40|815:1",,0,"2,3"
125,0,9045,100,100,0,-1,8683160,3288366,"0,0,0,0,0",-1,0,-1,-1,,"376:30,362:45,364:45,363:45|816:1",,0,"2,3"
127,0,9048,100,100,0,12614494,10843992,15461834,"0,0,0,0,0",-1,0,402,-1,,,,0,"1,3"
128,,,,,,,,,,,,,,,,,,3
129,0,9003,100,100,0,-1,-1,-1,"0,0,0,0",-1,0,433,,,847:10|848:1,H1;D2,0,"2,3"
132,0,9050,100,100,0,-1,-1,-1,"0,0,0,0,0",-1,0,-1,,,,,0,3
133,0,9034,100,100,0,-1,-1,-1,"0,0,0,0,0",-1,0,-1,"951,579,491,454,577,000",,,,0,"1,3"
134,0,9053,100,100,1,-1,-1,-1,"0,0,0,0,0",-1,0,460,-1,,,,0,3
136,0,9053,100,100,1,-1,-1,-1,",,,,",-1,0,462,-1,,,,0,3
137,0,9055,100,100,0,-1,-1,-1,"0,0,0,0",-1,0,470,,,,,0,3
139,0,9051,100,100,0,-1,-1,-1,"0,0,0,0,0",-1,0,464,-1,,,,0,3
140,0,9052,100,100,1,-1,-1,-1,"0,0,0,0,0",-1,0,465,-1,,,,0,3
141,0,9054,100,100,0,-1,-1,-1,"0,0,0,0,0",-1,0,467,-1,,,,0,3
142,0,9051,100,100,0,-1,-1,-1,",,,,",-1,0,-1,-1,,,,0,3
143,0,9054,100,100,0,-1,-1,-1,"0,0,0,0,0",-1,0,468,-1,,,,0,3
144,0,9054,100,100,0,-1,-1,-1,"0,0,0,0,0",-1,0,469,-1,,,,0,3
145,0,9057,100,100,0,-1,-1,-1,"0,0,0,0,0",-1,0,-1,-1,,,,0,3
146,0,1056,100,100,0,-1,-1,-1,"0,0,0,0,0",-1,0,472,-1,,,,0,3
147,0,1058,100,100,0,-1,-1,-1,"0,0,0,0,0",-1,0,477,-1,,,,0,3
148,,,,,,,,,,,,,,,,,,3
149,0,1056,100,100,0,0,0,0,"0,0,0,0",-1,0,497,,,,,0,3
151,0,9064,100,100,0,-1,-1,-1,"0,0,0,0,0",-1,0,523,,,,,0,3
153,0,9053,100,100,1,-1,-1,-1,"0,0,0,0,0",-1,0,537,-1,,,,0,3
154,0,9061,100,100,0,-1,-1,-1,"0,0,0,0,0",-1,0,543,,,,,0,3
155,0,9063,100,100,0,-1,-1,-1,"0,0,0,0,0",-1,0,546,-1,,,,0,3
156,0,9060,100,100,0,-1,-1,-1,"0,0,0,0",-1,0,548,,,997:10|999:1~1023:1|1000:1,,0,"2,3"
157,0,9046,100,100,0,-1,-1,-1,"0,0,0,0,0",-1,0,550,,,,,0,3
159,0,9063,100,100,0,-1,-1,-1,"0,0,0,0",-1,0,566,,,,,0,3
160,0,1129,100,100,0,-1,-1,-1,"0,0,0,0",-1,0,589,,,,,0,3
161,0,9062,100,100,0,-1,-1,-1,"0,0,0,0,0",-1,0,591,-1,,"1001:2,1018:1|1023:1",,0,"2,3"
162,0,9023,100,100,0,-1,-1,-1,"0,0,0,0,0",-1,0,608,-1,,,,0,3
163,0,9000,100,100,0,-1,-1,-1,"0,0,0,0",-1,0,613,"66,606,662",,,,0,"1,3"
164,,,,,,,,,,,,,,,,,,3
165,,,,,,,,,,,,,,,,,,3
166,0,9039,100,100,0,-1,-1,-1,"0,0,0,0,0",-1,0,620,-1,,,,0,"1,3"
167,0,9039,100,100,0,0,0,0,"0,0,0,0",-1,0,626,,,,,0,3
168,0,9039,100,100,0,-1,-1,-1,"0,0,0,0,0",-1,0,624,,,,,0,3
169,0,9039,100,100,0,-1,-1,-1,"0,0,0,0,0",-1,0,630,,,,,0,3
170,0,9039,100,100,0,-1,-1,-1,"0,0,0,0,0",-1,0,628,,,,,0,3
171,,,,,,,,,,,,,,,,,,3
172,,,,,,,,,,,,,,,,,,3
173,0,9020,100,100,0,-1,-1,-1,"0,0,0,0,0",-1,0,646,,,,,0,3
174,0,9059,100,100,0,6380875,16777215,11250604,"0,0,0,0,0",-1,0,660,,,,,0,3
175,0,1014,100,100,0,-1,-1,-1,"0,0,0,0",-1,0,662,,,,,0,3
176,0,9067,100,100,0,-1,-1,-1,"0,0,0,0,0",-1,0,664,"1,567,157,216,347,490",,,,0,"1,3"
177,0,9059,100,100,0,5658198,16777215,11250604,"0,0,0,0",-1,0,677,,,,,0,3
178,0,9045,100,100,0,15316858,16107743,6833254,"0,0,0,0,0",-1,0,681,,,,,0,3
180,0,9038,100,100,0,-1,-1,-1,"0,0,0,0,0",-1,0,711,,,,,0,3
181,,,,,,,,,,,,,,,,,,3
183,0,1206,100,100,0,-1,-1,-1,"0,0,0,0,0",-1,0,811,,,,,0,3
184,0,1191,100,100,0,-1,-1,-1,"0,0,0,0,0",-1,0,-1,,,,,0,3
185,0,9012,100,100,1,13922159,15183606,15368144,"0,0,0,0,0",-1,0,5533,,,,,0,3
186,0,9049,100,100,0,4603756,15909900,-1,"0,0,0,0,0",-1,0,950,,,,,0,3
187,0,9049,100,100,0,14120487,15909900,-1,"0,0,0,0,0",-1,0,950,,,,,0,3
188,0,9049,100,100,0,-1,-1,-1,"0,0,0,0,0",-1,0,-1,-1,,,,0,3
189,0,9049,100,100,0,-1,-1,-1,"0,0,0,0,0",-1,0,-1,,,,,0,3
190,0,9046,100,100,0,13598511,15322414,-1,"0,0,0,0,0",-1,0,940,,,,,0,3
191,0,9069,100,100,1,6684672,2527841,5465171,"0,0,0,0,0",-1,0,-1,-1,,,,0,3
192,0,61,100,100,1,2758376,1312759,-1,"5fa,2bf,309,0,0",-1,0,6420,,,,,0,3
193,,,,,,,,,,,,,,,,,,"2,3,4"
194,0,1191,100,100,0,-1,-1,10639914,"0,0,0,0,0",-1,0,930,,,,,0,3
196,,,,,,,,,,,,,,,,,,3
197,0,9067,100,100,0,0,15655990,14945560,"0,0,0,6b2,0",-1,0,989,,,,,0,3
198,0,7000,100,100,0,-1,-1,-1,"0,0,0,0,0",-1,0,-1,-1,,,,0,3
199,0,71,100,100,1,8568559,9028071,16565877,"0,0,3bd,0",-1,0,1226,,,,,0,3
200,,,,,,,,,,,,,,,,,,3
201,0,10,100,100,0,4210752,16635514,14184973,"0,2ba,3b9,604,0",-1,0,1241,"1,460,146,814,591,460",,,,0,"1,3"
202,,,,,,,,,,,,,,,,,,3
203,,,,,,,,,,,,,,,,,,3
204,0,21,100,100,1,16772078,16347601,-1,"0,2c8,0,0",-1,0,-1,-1,,,,0,3
205,0,9013,100,100,1,12598616,9946541,15649673,"0,0,308,0,0",-1,0,-1,-1,,,,0,
206,0,9013,100,100,1,13816530,14390681,12763842,"0,2b8,0,0,0",-1,0,-1,-1,,,,0,3
207,0,100,100,100,0,3560987,12696766,12823162,"0,2c6,0,0",-1,0,-1,-1,,,,0,3
208,0,9013,100,100,0,14408668,9933901,4350269,"0,0,0,0,0",-1,0,-1,-1,,,,0,
209,0,9001,100,100,0,4732202,16775417,3746599,"0,0,0,0,0",-1,0,-1,,,,,0,
210,0,9001,100,100,0,16316665,16710381,16514044,"0,0,0,0,0",-1,0,-1,,,,,0,
211,0,9049,100,100,0,10115365,-1,-1,"0,0,0,0,0",-1,0,-1,-1,,,,0,3
212,0,9049,100,100,0,11162708,-1,-1,"0,0,0,0,0",-1,0,-1,-1,,,,0,3
213,0,9049,100,100,0,0,15376985,-1,"0,0,0,0,0",-1,0,-1,-1,,,,0,3
214,,,,,,,,,,,,,,,,,,3
215,0,1197,100,100,0,-1,-1,0,"0,0,3b1,0,0",-1,0,970,,,,,0,3
216,0,9049,100,100,0,-1,12700125,6125728,"0,0,0,0,0",-1,0,950,,,,,0,3
217,0,9070,100,100,1,983193,15584670,14199123,"0,0,0,0,0",-1,0,-1,-1,,,,0,3
218,,,,,,,,,,,,,,,,,,3
220,0,9013,100,100,1,0,8885404,-1,"0,3fb,0,0,0",-1,0,978,,,,,0,3
221,0,9015,100,100,0,-1,-1,-1,"0,0,0,0,0",-1,0,936,6601,,,,0,"1,3"
222,,,,,,,,,,,,,,,,,,3
223,0,9049,100,100,0,0,12700125,6125728,"0,0,0,0,0",-1,0,950,,,,,0,3
225,,,,,,,,,,,,,,,,,,3
226,,,,,,,,,,,,,,,,,,3
227,0,9041,100,100,0,6833220,15921906,16514044,"0,3ad,0,0,0",-1,0,1237,-1,,,,0,3
229,0,40,100,100,0,8388615,3547939,8419447,"0,0,30a,0",-1,0,1117,-1,,,,0,3
230,0,9041,100,100,0,8616570,8220225,5649443,"0,2c1,0,0,0",-1,0,1113,,,,,0,3
231,,,,,,,,,,,,,,,,,,3
233,0,9045,100,100,0,-1,6980250,5000268,"0,774,0,0,0",-1,0,-1,-1,,,G2;G1,0,3
235,,,,,,,,,,,,,,,,,,3
236,0,9013,100,100,1,4096672,16777215,1483286,"0,0,0,0,0",-1,0,1032,,,,,0,"1,3"
237,0,9041,100,100,0,10947370,2101538,1576467,"0,0,0,0,0",-1,0,1033,,,,,0,"1,3"
239,0,9003,100,100,0,-1,-1,-1,"0,0,0,0",-1,0,1034,-1,,,,0,"1,3"
240,,,,,,,,,,,,,,,,,,"1,3"
241,,,,,,,,,,,,,,,,,,"1,3"
242,0,1014,100,100,0,-1,-1,-1,"0,0,0,0,0",-1,0,1042,,,,G3,0,3
243,0,30,100,100,0,0,13436165,13633564,"0,0,0,0,0",-1,0,1049,-1,,,,0,3
244,0,1207,100,100,0,-1,-1,-1,"0,0,0,0,0",-1,0,-1,-1,,,,0,"1,3"
245,0,1205,100,100,0,12794433,-1,8342604,"0,0,0,0,0",-1,0,1061,,,,,0,3
246,0,1205,100,100,0,-1,-1,-1,"0,0,0,0,0",-1,0,1070,,,,,0,3
247,0,1205,100,100,0,-1,-1,-1,"0,0,0,0,0",-1,0,1071,-1,,,,0,3
248,0,1205,100,100,0,-1,-1,-1,"0,0,0,0,0",-1,0,1228,-1,,,,0,3
249,0,1205,100,100,0,-1,-1,-1,"0,0,0,0",-1,0,1074,-1,,,,0,3
250,0,1205,100,100,0,-1,-1,-1,"0,0,0,0,0",-1,0,1091,-1,,,,0,3
251,0,1205,100,100,0,-1,-1,-1,"0,0,0,0",-1,0,1075,,,,,0,3
252,0,1205,100,100,0,-1,-1,-1,"0,0,0,0,0",-1,0,1076,-1,,,,0,3
253,0,1205,100,100,0,-1,-1,-1,"0,0,0,0,0",-1,0,1077,,,,,0,3
254,0,1205,100,100,0,-1,-1,-1,"0,0,0,0",-1,0,1065,,,,,0,3
255,0,1205,100,100,0,-1,-1,5968133,"0,0,0,0,0",-1,0,1080,,,,,0,3
256,,,,,,,,,,,,,,,,,,"1,3"
257,0,1197,100,100,0,-1,-1,4872741,"0,0,0,0,0",-1,0,-1,-1,,,,0,3
258,0,61,100,100,1,10301633,8005789,0,"0,0,0,0,0",-1,0,1109,,,,,0,3
259,0,9025,100,100,0,-1,-1,-1,"0,0,0,0,0",-1,0,1123,-1,,,,0,3
260,,,,,,,,,,,,,,,,,,3
261,0,10,100,100,0,0,16184312,0,"0,0,0,0,0",-1,0,1114,,,,,0,3
262,0,9004,100,100,0,-1,-1,-1,"0,0,0,0,0",-1,0,-1,-1,,,,0,3
264,0,40,100,100,0,14949638,13762571,9509652,"0,0,0,64f",-1,0,1122,,,,,0,3
265,0,80,100,100,0,0,12763842,12124160,"31,1a55,0,0",-1,0,1106,,,,,0,3
266,0,20,100,100,0,15371034,3737856,16134696,"0,0,0,0,0",-1,0,1103,-1,,,,0,3
267,0,100,100,100,0,3020823,14491937,10424858,"0,2c3,0,0",-1,0,1107,,,,,0,3
268,0,71,100,100,1,13493216,1246464,13764102,"0,0,0,0",-1,0,1121,,,,,0,3
269,0,40,100,100,0,7753513,8018501,4077607,"0,0,0,0",-1,0,-1,,,,,0,3
270,,,,,,,,,,,,,,,,,,3
271,0,1207,100,100,0,-1,-1,-1,"0,0,0,0,0",-1,0,1105,-1,,,,0,"1,3"
272,0,9008,100,100,0,16644858,-1,6038567,"0,0,0,0,0",-1,0,1183,1946,,,,0,"1,3"
273,0,1014,100,100,0,-1,-1,-1,"0,0,0,0,0",-1,0,1127,-1,,,,0,3
274,0,9030,100,100,0,393216,13187642,6820130,"0,0,0,0,0",-1,0,1124,-1,,,,0,"1,3"
277,0,9018,100,100,0,-1,-1,-1,"0,0,0,0,0",-1,0,1118,-1,,,,0,"1,3"
278,0,9034,100,100,0,-1,-1,8355711,"0,0,0,0,0",-1,0,1102,-1,,,,0,"1,3"
279,0,9045,100,100,0,2069314,5603222,5439488,"28,0,0,0,0",-1,0,1104,,,,,0,3
280,0,9067,100,100,0,13765674,4074807,0,"0,0,0,0,0",-1,0,1126,"1,463,145,914,601,460,000,000,000,000,000,000,000,000",,,,0,"1,3"
281,0,9043,100,100,1,13089278,2301008,2369927,"0,0,0,0",-1,0,1111,,,,,0,3
282,0,9040,100,100,0,-1,-1,-1,"0,0,0,0,0",-1,0,1133,,,,,0,3
283,0,9013,100,100,1,15408938,14435036,10617731,"0,0,0,0,0",-1,0,1129,,,,,0,3
284,0,9042,100,100,1,5404089,10033176,11539617,"0,0,0,0,0",-1,0,1108,,,,,0,3
285,0,9069,100,100,1,14582243,16638180,14225938,"0,0,2f2,0,0",-1,0,1110,,,,,0,3
287,0,9069,100,100,1,16032712,6492003,0,"0,2ba,3b3,6c0,0",-1,0,1128,-1,,,,0,3
288,0,1197,100,100,0,16777215,0,0,"0,2be,3b8,6af,0",-1,0,1115,-1,,,,0,3
289,0,9001,100,100,0,3807807,16772076,3807287,"0,0,0,0,0",-1,0,1116,,,,,0,3
290,0,9045,100,100,0,-1,12522240,0,"5c3,2bf,3ba,0,0",-1,0,1112,-1,,,,0,3
291,0,1070,100,100,0,-1,-1,-1,"0,0,0,0,0",-1,0,-1,,,,,0,
292,0,1207,100,100,0,-1,-1,-1,"0,0,0,0,0",-1,0,4523,,,,,0,"1,3"
293,0,1207,100,100,0,-1,-1,-1,"0,0,0,0,0",-1,0,-1,-1,,,,0,"1,3"
294,,,,,,,,,,,,,,,,,,"1,3"
295,,,,,,,,,,,,,,,,,,"1,3"
296,,,,,,,,,,,,,,,,,,"1,3"
297,0,9005,100,100,0,-1,-1,-1,"0,0,0,1d5f,0",-1,0,1150,"831,983,168,318,831,000,000,000,000,000,000,000,000,000,000,000",,"7536:1,2239:1|1711:1~7537:1,2239:1|1728:1~7538:1,2239:1|1748:1~7539:1,2239:1|2074:1~7540:1,2239:1|2075:1~7541:1,2239:1|2076:1~7542:1,2239:1|2077:1~7543:1,2239:1|6604:1~7544:1,2239:1|6716:1~7536:1,2239:1|6717:1~7545:1,2239:1|6978:1~7546:1,2239:1|7414:1~7547:1,2239:1|7415:1~7548:1,2239:1|7518:1~7549:1,2239:1|7519:1~7550:1,2239:1|7520:1~7551:1,2239:1|7522:1~8885:1,2239:1|7524:1~7721:1,2239:1|7703:1~7722:1,2239:1|7704:1~7723:1,2239:1|7705:1~7724:1,2239:1|7706:1~7725:1,2239:1|7707:1~7726:1,2239:1|7708:1~7727:1,2239:1|7709:1~7728:1,2239:1|7710:1~7729:1,2239:1|7711:1~7730:1,2239:1|7712:1~7731:1,2239:1|7713:1~8020:1,2239:1|7714:1~7893:1,2239:1|7891:1~7894:1,2239:1|7892:1~8016:1,2239:1|7911:1~8017:1,2239:1|8000:1~8172:1,2239:1|8151:1~8171:1,2239:1|8153:1~8173:1,2239:1|8154:1~8174:1,2239:1|8155:1~8524:1,2239:1|8211:1~8565:1,2239:1|8561:1~8679:1,2239:1|8677:1~8706:1,2239:1|8693:1~9595:1,2239:1|9594:1~9661:1,2239:1|9617:1~9664:1,2239:1|9619:1~9665:1,2239:1|9620:1~9671:1,2239:1|9623:1~9666:1,2239:1|9624:1~9786:1,2239:1|9785:1~10108:1,2239:1|10106:1~10109:1,2239:1|10107:1~10807:1,2239:1|10802:1",,0,"1,2,3,4"
298,0,9050,100,100,0,-1,-1,-1,"0,0,0,0,0",-1,0,-1,,,,,0,3
300,0,30,100,100,0,0,0,0,"0,0,0,0",-1,0,1167,"18,661,865,186,418,600,000,000,000,000,000",,,D2;B2,0,"1,3"
301,0,9041,100,100,0,4399908,14556166,1973021,"c2,0,0,604,0",-1,0,-1,-1,,,,0,
302,0,9013,100,100,1,2949120,16711680,2490368,"0,0,3b9,6af,0",-1,0,-1,-1,,,,0,
303,0,9041,100,100,0,16204551,12959289,15666959,"a3,0,3ba,64f,0",-1,0,-1,-1,,,,0,
304,0,9043,100,100,1,14100272,14365986,14222608,"0,0,0,0,0",-1,0,-1,-1,,,,0,
305,,,,,,,,,,,,,,,,,,3
306,,,,,,,,,,,,,,,,,,"1,3"
307,0,9004,100,100,0,16777215,-1,-1,"0,0,0,0,0",-1,0,1206,,,,,0,3
308,0,9004,100,100,0,0,16777215,-1,"0,0,0,0,0",-1,0,-1,-1,,,,0,3
309,0,9013,100,100,1,16777215,-1,-1,"0,0,0,0,0",-1,0,-1,-1,,,,0,3
310,0,9007,100,100,0,-1,-1,10189252,"0,0,0,0,0",-1,0,1212,-1,,,,0,3
311,,,,,,,,,,,,,,,,,,3
312,0,9012,100,100,1,14408668,8468283,6039595,"0,0,0,0,0",-1,0,1230,-1,,,,0,"1,3"
313,0,9042,100,100,1,12124160,0,0,"0,0,0,0,0",-1,0,-1,"146,817,321,733",,,,0,1
314,0,9070,100,100,1,8698092,16705276,16777215,"0,0,0,0,0",-1,0,1242,"146,817,321,733",,,,0,"1,3"
315,,,,,,,,,,,,,,,,,,"1,3"
316,,,,,,,,,,,,,,,,,,"1,3"
318,0,9045,100,100,0,10878976,14534049,15306274,"0,772,3bd,0,0",-1,0,1298,,,,,0,3
319,0,1207,100,100,0,-1,-1,15921906,"0,0,0,0,0",-1,0,-1,,,,,0,3
320,0,1205,100,100,0,-1,-1,6447714,"0,0,0,0,0",-1,0,-1,-1,,,,0,3
321,0,1012,100,100,0,-1,-1,-1,"0,0,0,0",-1,0,1284,-1,,,,0,"1,3"
322,0,1003,100,100,0,-1,-1,-1,"0,0,0,0",-1,0,1285,-1,,,,0,3
323,0,1207,100,100,0,3740941,2378267,5669927,"0,0,0,0,0",-1,0,1287,-1,,,,0,"1,3"
324,0,1168,100,100,0,-1,-1,-1,"0,0,0,0,0",-1,0,-1,-1,,,,0,
325,0,9012,100,100,1,2244632,8493368,4157486,"0,0,0,0,0",-1,0,1289,-1,,,,0,3
326,0,9013,100,100,1,5326768,2039119,0,"0,0,3b8,0,0",-1,0,1290,-1,,,,0,"1,3"
327,0,9001,100,100,0,3886248,13169330,658005,"0,0,0,0,0",-1,0,-1,-1,,,,0,
328,0,1014,100,100,0,-1,-1,-1,"0,0,0,0,0",-1,0,1291,-1,,,,0,"1,3"
329,0,1014,100,100,0,-1,-1,-1,"0,0,0,0,0",-1,0,1292,-1,,,,0,3
330,0,1197,100,100,0,-1,14535065,14332311,"0,831,0,0,0",-1,0,1288,,,,B3;B2,0,3
331,0,9004,100,100,0,-1,-1,-1,"0,0,0,0,0",-1,0,1576,-1,,,,0,3
332,0,1002,100,100,0,-1,-1,-1,"0,0,0,0,0",-1,0,-1,-1,,,,0,
333,,,,,,,,,,,,,,,,,,3
334,0,1211,100,100,0,0,0,8553090,"0,0,0,0",-1,0,-1,,,,,0,3
335,0,111,100,100,1,16777215,16222121,16375755,"0,773,0,0,0",-1,0,1319,-1,,,,0,3
336,0,1197,100,100,0,-1,-1,4876979,"0,0,0,0,0",-1,0,1334,,,,B2;B2;D2,0,3
337,,,,,,,,,,,,,,,,,,3
338,0,1197,100,100,0,-1,-1,-1,"0,0,0,0,0",-1,0,-1,-1,,,,0,
339,0,9049,100,100,0,-1,-1,-1,"0,0,0,0,0",-1,0,-1,-1,,,,0,
341,0,1205,100,100,0,-1,-1,-1,"0,0,0,0",-1,0,1369,-1,,,,0,3
342,,,,,,,,,,,,,,,,,,3
343,0,1205,100,100,0,-1,-1,-1,"0,0,0,0,0",-1,0,1391,,,,,0,3
344,0,1205,100,100,0,-1,-1,-1,"0,0,0,0,0",-1,0,1386,-1,,,,0,3
345,0,1205,100,100,0,-1,-1,-1,"0,0,0,0,0",-1,0,-1,-1,,,,0,3
346,0,1205,100,100,0,-1,-1,-1,"0,0,0,0,0",-1,0,1389,-1,,,,0,3
347,0,1205,100,100,0,-1,-1,-1,"0,0,0,0,0",-1,0,1395,-1,,,,0,3
348,,,,,,,,,,,,,,,,,,3
349,,,,,,,,,,,,,,,,,,3
350,,,,,,,,,,,,,,,,,,3
351,,,,,,,,,,,,,,,,,,3
352,,,,,,,,,,,,,,,,,,3
353,,,,,,,,,,,,,,,,,,3
354,,,,,,,,,,,,,,,,,,3
355,0,9045,100,100,0,14408668,13418653,4605510,"0,0,0,0,0",-1,0,-1,-1,,,,0,
356,,,,,,,,,,,,,,,,,,3
357,0,9041,100,100,0,6710886,0,12977422,"3a,82f,0,0,0",-1,0,1446,-1,,,,0,3
358,0,1205,100,100,0,-1,-1,-1,"0,0,0,0,0",-1,0,1457,-1,,,,0,3
359,0,1046,100,100,0,-1,-1,-1,"0,0,0,0,0",-1,0,-1,-1,,,,0,3
360,0,1046,100,100,0,-1,-1,-1,"0,0,0,0,0",-1,0,-1,-1,,,,0,3
361,0,1046,100,100,0,-1,-1,-1,"0,0,0,0,0",-1,0,-1,-1,,,,0,3
362,0,1046,100,100,0,-1,-1,-1,"0,0,0,0",-1,0,1468,-1,,,,0,3
363,0,1211,100,100,0,-1,-1,-1,"0,0,0,0",-1,0,1464,,,847:10|848:1,,0,3
364,0,9049,100,100,0,-1,-1,-1,"0,0,0,0,0",-1,0,-1,-1,,,,0,3
365,0,9015,100,100,0,-1,-1,-1,"0,0,0,0,0",-1,0,1500,-1,,,,0,3
366,0,1205,100,100,0,-1,-1,-1,"0,0,0,0,0",-1,0,1503,,,,,0,3
367,0,8004,100,100,0,-1,-1,-1,"0,0,0,0,0",-1,0,-1,-1,,,,0,3
369,,,,,,,,,,,,,,,,,,3
370,,,,,,,,,,,,,,,,,,3
371,,,,,,,,,,,,,,,,,,3
372,,,,,,,,,,,,,,,,,,3
373,0,1046,100,100,0,-1,-1,-1,"0,0,0,0",-1,0,1584,-1,,,,0,3
374,0,1061,100,100,0,0,0,0,"0,0,0,0",-1,0,1595,,,,,0,3
375,0,1222,100,100,0,0,0,0,"0,0,0,0",-1,0,1591,,,,,0,3
376,0,1065,100,100,0,0,0,0,"0,0,0,0",-1,0,1596,,,,,0,3
377,0,1063,100,100,0,0,0,0,"0,0,0,0",-1,0,1594,,,,,0,3
378,,,,,,,,,,,,,,,,,,3
379,0,1155,100,100,0,-1,6634042,-1,"0,0,0,0,0",-1,0,1621,2542,,,,0,"1,3"
380,0,1150,100,100,1,-1,-1,-1,"0,0,0,0",-1,0,1619,,,,,0,3
382,,,,,,,,,,,,,,,,,,3
383,0,9071,100,100,1,-1,-1,-1,"0,0,0,0,0",-1,0,1626,,,,,0,3
384,0,9068,100,100,0,-1,-1,-1,"0,0,0,0,0",-1,0,-1,,,,,0,"1,3"
385,,,,,,,,,,,,,,,,,,3
386,0,1220,100,100,0,-1,-1,-1,"0,0,0,0",-1,0,-1,,,,,0,
387,0,1155,100,100,0,13937762,-1,-1,"0,0,0,0",-1,0,1622,,,,,0,3
388,0,1155,100,100,0,11129751,10956938,-1,"0,0,0,0,0",-1,0,1697,,,,,0,3
389,0,1228,100,100,1,12076438,10705571,11750041,"0,0,0,0",-1,0,1627,,,,,0,3
391,0,31,100,100,1,14862178,10894910,-1,"0,0,9a9,6c0",-1,0,-1,-1,,,,0,3
392,,,,,,,,,,,,,,,,,,3
393,0,9009,100,100,1,-1,-1,-1,"0,0,0,0,0",-1,0,1640,-1,,,,0,3
394,0,9070,100,100,1,3187242,12232978,11610899,"0,0,0,0,0",-1,0,1644,,,,,0,3
395,0,9016,100,100,0,13476799,8463428,6761477,"0,0,0,0",-1,0,1645,,,,,0,3
396,0,9016,100,100,0,2654703,4033774,13762560,"0,0,0,0,0",-1,0,1686,,,,,0,3
397,0,9058,100,100,0,-1,10027008,-1,"0,0,0,0,0",-1,0,1647,,,,,0,"1,3"
398,0,9016,100,100,0,16777215,16777215,16777215,"0,0,0,0,0",-1,0,1648,,,,,0,"1,3"
399,0,9056,100,100,0,5154633,-1,-1,"0,0,0,0,0",-1,0,1667,,,,,0,3
400,0,9016,100,100,0,635643,15855954,16275218,"0,0,0,0,0",-1,0,1661,,,,,0,3
401,0,9069,100,100,1,16727891,16768993,16711693,"0,98f,98e,0,0",-1,0,1642,,,,,0,"1,3"
402,0,9010,100,100,0,13482609,8158332,13619151,"0,0,0,0,0",-1,0,1662,,,,,0,"1,3"
403,0,9016,100,100,0,265506,0,11593722,"0,0,0,0,0",-1,0,1660,,,,,0,3
404,0,9069,100,100,1,14090508,16777215,15575152,"0,0,0,0,0",-1,0,1649,,,,,0,"1,3"
405,0,9016,100,100,1,14932679,8388615,0,"0,0,0,0,0",-1,0,"-1,7904|12277,7905|15000,9601|15008,9602|15016,9603|15024,9604|15032,9605|15040,9606|15048,9607|15056,9608|15064,9609|15072,9610|15080,9611",,,,,0,3
406,0,9016,100,100,0,16755963,15410549,15607978,"0,0,0,0,0",-1,0,1681,,,,,0,3
407,0,9016,100,100,0,15855980,14400316,15102315,"0,0,0,0,0",-1,0,1677,,,,,0,3
408,0,9016,100,100,0,15323913,6385110,2954003,"0,0,0,0,0",-1,0,1646,,,,,0,3
409,0,9015,100,100,0,-1,-1,-1,"0,0,0,0,0",-1,0,1671,6601,,,,0,"1,3"
410,0,9016,100,100,0,7653097,13652826,7255879,"0,0,0,0,0",-1,0,1672,,,,,0,3
411,0,1234,100,100,0,-1,-1,-1,"0,0,0,0",-1,0,-1,,,,,0,
412,0,1233,100,100,0,-1,-1,-1,"0,0,0,0",-1,0,-1,,,,,0,
413,0,1235,100,100,0,-1,-1,-1,"0,0,0,0",-1,0,-1,,,,,0,
414,0,1236,100,100,0,-1,-1,-1,"0,0,0,0",-1,0,-1,,,,,0,
415,0,9069,100,100,1,16777215,16709855,16767501,"0,9b5,9b9,0,0",-1,0,2473,,,,,0,3
416,0,9041,100,100,0,7878969,12154386,16764249,"28,2c5,0,0",-1,0,1687,,,,,0,"1,3"
417,0,9041,100,100,0,7343887,1805289,12241136,"82f,0,0,0",-1,0,-1,,,,,0,
418,0,9045,100,100,0,11143176,-1,-1,"0,96a,0,0,0",-1,0,2472,-1,,,,0,3
419,0,9002,100,100,0,-1,-1,-1,"0,0,0,0,0",-1,0,-1,,,,,0,
420,0,9002,100,100,0,-1,-1,-1,"0,0,0,0,0",-1,0,-1,,,,,0,
421,0,9002,100,100,0,-1,-1,-1,"0,0,0,0,0",-1,0,-1,,,,,0,
422,,,,,,,,,,,,,,,,,,3
423,0,101,100,100,1,9168159,1225720,15958545,"0,1952,951,0,0",-1,0,4565,-1,,,,0,3
424,0,81,100,100,1,7496947,15007744,15660028,"0,774,776,0,0",-1,0,4565,-1,,,,0,3
425,0,31,100,100,1,15245078,16710131,-1,"0,2c2,0,0,0",-1,0,-1,-1,,,,0,3
426,0,91,100,100,1,-1,3116857,3978568,"0,2c4,2e8,0",-1,0,1733,-1,,,,0,3
427,0,111,100,100,1,13238569,788231,13813938,"0,0,0,0",-1,0,-1,-1,,,,0,3
428,0,41,100,100,1,15007744,1644825,14992064,"0,0,0,6c0,0",-1,0,-1,,,,,0,3
429,0,11,100,100,1,16777215,1297118,0,"0,830,9e6,0,0",-1,0,1735,,,,,0,3
430,0,61,100,100,1,16773874,16775417,3750201,"0,0,2f7,0,0",-1,0,-1,-1,,,,0,3
431,,,,,,,,,,,,,,,,,,3
432,0,51,100,100,1,15097554,16643068,15030481,"0,275,0,0,0",-1,0,-1,-1,,,,0,3
433,0,10,100,100,0,-1,-1,-1,"0,0,0,0",4,0,1769,,,,,0,"1,3"
434,0,80,100,100,0,10539564,13816530,15130814,"0,0,2e8,0,0",4,0,1771,,,,,0,"1,3"
435,0,30,100,100,0,-1,-1,-1,"0,0,0,0",4,0,1768,,,,,0,"1,3"
436,0,10,100,100,0,-1,-1,-1,"0,0,0,0",4,0,1766,,,,,0,"1,3"
437,0,50,100,100,0,1245184,1703936,16777215,"0,0,0,0,0",4,0,1758,-1,,,,0,"1,3"
438,0,60,100,100,0,16777215,16448765,12498572,"0,0,a45,0,0",4,0,1772,-1,,,,0,"1,3"
439,0,90,100,100,0,7217955,2902400,16777215,"0,0,30b,0,0",4,0,1767,-1,,,,0,"1,3"
440,0,30,100,100,0,16419588,16710905,10929091,"0,0,0,0,0",4,0,1764,-1,,,,0,"1,3"
441,0,40,100,100,0,10891569,0,16050666,"0,2bb,2a5,0,0",4,0,1773,,,,,0,"1,3"
442,0,100,100,100,0,328193,12226652,6459324,"0,0,304,0,0",-1,0,1770,-1,,,,0,"1,3"
443,0,110,100,100,0,6455933,11404292,-1,"0,0,1931,81a,0",4,0,1799,-1,,,,0,"1,3"
444,0,9061,100,100,0,-1,-1,-1,"0,0,0,0",-1,0,1835,,,,,0,3
447,0,9041,100,100,0,15466496,11834499,7017749,"0,9aa,0,0,0",4,0,2829,-1,,,,0,3
448,0,9064,100,100,0,-1,-1,-1,"0,0,0,0,0",4,0,1840,,,,,0,3
449,0,9045,100,100,0,15263977,9148870,4860956,"0,0,0,0,0",-1,0,1841,,,,,0,3
450,0,9058,100,100,0,4478394,15719048,-1,"0,0,0,0,0",-1,9017,2104,,,,,0,3
451,0,9043,100,100,1,-1,-1,-1,"0,0,0,0",4,0,1910,,,,,0,3
452,0,90,100,100,0,16463414,3286897,657930,"0,0,3b1,0",-1,0,1878,,,,,0,3
453,0,21,100,100,1,16777215,11475762,16506051,"0,0,0,0,0",-1,0,1879,,,,,0,3
454,0,80,100,100,0,7568784,15390311,2367793,"672,1a55,3b1,0",-1,0,1885,,,,,0,3
455,0,11,100,100,1,16357311,8590870,12153950,"0,0,0,0",-1,0,1888,,,,,0,3
456,,,,,,,,,,,,,,,,,,3
457,0,9001,100,100,0,-1,-1,-1,"0,0,0,0,0",4,0,1845,,,,,0,3
458,0,9001,100,100,1,16107754,-1,15906788,"0,0,0,0,0",-1,0,-1,,,,,0,3
459,,,,,,,,,,,,,,,,,,3
460,,,,,,,,,,,,,,,,,,3
462,0,9033,100,100,1,-1,-1,-1,"0,0,0,0,0",-1,0,1918,491,,,,0,"1,3"
463,0,9030,100,100,0,-1,16777215,0,"0,0,0,0",-1,0,1903,"286,492",,,D1;B1,0,"1,3"
464,0,1207,100,100,0,-1,-1,-1,"0,0,0,0,0",-1,0,1930,"685,731,167,651,712,000,000",,,,0,"1,3"
465,0,9018,100,100,0,-1,-1,-1,"0,0,0,0,0",-1,0,1944,,,,,0,3
467,0,9045,100,100,0,16280076,11397111,15513576,"0,0,0,0,0",-1,0,1856,,,,B1;B1;B2;D1,0,"1,3"
468,0,9050,100,100,0,-1,-1,-1,"0,0,0,0",-1,0,1895,,,,,0,3
470,0,101,100,100,1,12328052,16767193,-1,"0,0,0,0,0",4,0,2265,,,,,0,3
471,0,11,100,100,1,4563915,12353109,14671666,"0,0,307,0,0",4,0,7142,,,,D2;H2;D2,0,3
472,0,110,100,100,0,16705257,3939862,16629956,"0,0,98e,0,0",-1,0,2115,1945,,,B2;D1,0,"1,3"
473,0,51,100,100,1,13144550,11492316,2514092,"0,0,9d5,0,0",-1,0,2012,,,,B2;D1,0,3
474,0,70,100,100,0,8923713,15453135,14462638,"0,0,80d,0,0",-1,0,2140,,,,B2,0,3
475,,,,,,,,,,,,,,,,,,3
476,0,40,100,100,0,9839144,10658466,9811151,"0,0,0,0",-1,0,1978,,,,,0,3
477,0,31,100,100,1,3418033,16777215,16777215,"0,0,0,19cc,0",4,0,1852,,,,,0,3
478,0,40,100,100,0,13473042,14221312,11842742,"0,0,3a4,0",-1,0,1979,,,,,0,3
479,0,71,100,100,1,12568056,12722730,13869725,"0,0,3a7,0,0",-1,0,2248,,,,,0,3
480,0,90,100,100,0,1245184,6460930,16382289,"0,442,96e,0,0",-1,0,2080,,,,D2;B2,0,3
481,0,30,100,100,0,6756637,-1,9803157,"0,831,0,0,0",4,0,2111,,,,"B2;G1;H3,D2",0,3
482,0,9015,100,100,0,16777215,12105913,8729142,"0,0,0,0,0",-1,0,2163,"493,494,495,496,922",,,,0,"1,3"
483,0,91,100,100,1,7775208,657930,5080297,"0,0,0,0,0",-1,0,2083,,,,"D3,B2",0,3
484,0,9035,100,100,0,-1,-1,-1,"0,0,0,0",-1,0,2210,454,,,H2;D1,0,"1,3"
485,0,30,100,100,0,9147136,3499887,13158601,"0,0,0,0",-1,0,2241,,,,B2;G1,0,3
486,0,70,100,100,0,4872595,9517626,14062740,"0,0,0,0,0",-1,0,2030,"1,459,146,314,681,470",,,H2,0,"1,3"
487,0,9010,100,100,0,5460819,2545880,-1,"0,0,0,0,0",-1,0,2001,,,,,0,3
488,0,100,100,100,0,12046823,14460271,8964005,"0,0,1965,0,0",-1,0,-1,-1,,,,0,3
489,0,80,100,100,0,15257193,14211289,9971238,"0,0,309,0,0",-1,0,2145,,,,,0,3
490,0,30,100,100,0,-1,-1,-1,"0,0,0,0,0",-1,0,2292,,,,,0,3
491,,,,,,,,,,,,,,,,,,3
492,0,100,100,100,0,15720002,15713442,7891744,"0,0,0,0",-1,0,1998,,,,D3,0,3
493,0,10,100,100,0,617037,6697260,10114366,"0,0,3a7,0",-1,0,2143,,,,B2,0,3
494,0,80,100,100,0,5403090,5980970,13086174,"0,830,309,0",-1,0,2028,,,,"G3,B3;G2;B2",0,3
495,0,60,100,100,0,15285007,13205057,16777215,"0,1a9d,9f3,0,0",-1,0,7143,,,,B1;G3;D1;G2,0,3
496,0,100,100,100,0,-1,8739890,328458,"0,0,0,0",-1,0,2064,,,,B3;D1;G2;D3,0,3
497,0,20,100,100,0,0,-1,14332573,"0,0,304,81a,0",-1,0,2221,,,,G3;H1;G2,0,3
498,,,,,,,,,,,,,,,,,,3
501,,,,,,,,,,,,,,,,,,3
502,0,9045,100,100,0,14529459,16713222,0,"0,2c2,1965,0,0",-1,0,2168,"28,617,311,730,173,600,000,000,000,000,000,000,000,000,000,000,000,000,000,000,000",,,,0,"1,3"
503,0,9069,100,100,1,16737894,12615473,-1,"0,0,30b,0",-1,0,2190,"498,499,500",,,,0,"1,3"
504,0,9045,100,100,0,-1,1741082,-1,"0,0,0,0",-1,0,2462,,,,B2;D2,0,3
505,0,31,100,100,1,-1,-1,-1,"0,0,0,0",-1,0,2214,,,,,0,3
506,,,,,,,,,,,,,,,,,,3
510,0,1245,100,100,0,-1,-1,-1,"0,0,0,0,0",-1,0,-1,,,,,0,
515,0,1249,100,100,0,-1,-1,-1,"0,0,0,0",-1,0,-1,-1,,,,0,
516,0,1243,100,100,0,-1,-1,-1,"0,0,0,0,0",-1,0,-1,-1,,,,0,
520,0,9048,100,100,0,-1,-1,-1,"0,0,0,0,0",-1,0,318,,,,D1;G1,0,3
522,0,9048,100,100,0,-1,-1,-1,"0,0,0,0,0",-1,0,318,,,,D2,0,3
524,0,101,100,100,1,11121888,10490393,15056833,"0,0,0,0,0",-1,0,-1,,,,,0,3
525,0,40,100,100,0,5658198,12676893,-1,"0,1acf,1ae6,0,1b9d",-1,0,2369,,,,,0,3
526,0,80,100,100,0,13402124,2302755,15588049,"0,1acf,1ae6,0,1b9d",-1,0,2369,,,,,0,3
527,0,60,100,100,0,5518635,-1,-1,"0,1acf,1ae6,0,1b9d",-1,0,2369,,,,,0,3
528,0,11,100,100,1,15171351,6047554,-1,"0,1acf,1ae6,0,1b9d",-1,0,2369,,,,,0,3
529,0,1566,100,100,0,-1,-1,-1,"0,0,0,0,0",-1,0,2291,,,,,0,3
530,0,1566,100,100,0,-1,-1,-1,"0,0,0,0,0",-1,0,2291,,,,,0,3
531,0,1566,100,100,0,-1,-1,-1,"0,0,0,0,0",-1,0,-1,,,,,0,3
532,0,1566,100,100,0,-1,-1,-1,"0,0,0,0,0",-1,0,-1,,,,,0,3
533,0,1566,100,100,0,-1,-1,-1,"0,0,0,0,0",-1,0,2291,,,,,0,3
534,0,80,100,100,0,9270384,-1,14932955,"0,1acf,1ae6,0,1b9d",-1,0,2271,,,,G2;B1;B2;B1;D2;D3,0,3
535,0,80,100,100,0,10420224,15987467,7164831,"0,1acf,1ae6,0,1b9d",-1,0,2276,,,,B2;G3;D2,0,3
536,0,80,100,100,0,0,16591636,13814213,"0,1acf,1ae6,0,1b9d",-1,0,2279,,,,B3;G2,0,3
537,0,80,100,100,0,16777215,0,0,"0,1acf,1ae6,0,1b9d",-1,0,2284,"1,147,511,474",,,H2;B2;D1,0,3
538,0,9093,100,100,0,13158453,-1,-1,"0,0,0,0,0",-1,0,2304,,,,,0,3
540,0,9093,100,100,0,12963121,-1,-1,"0,0,0,0,0",-1,0,2306,,,,,0,3
541,0,9093,100,100,0,11513679,-1,-1,"0,0,0,0,0",-1,0,2307,,,,,0,3
542,0,9093,100,100,0,12434753,-1,-1,"0,0,0,0,0",-1,0,2309,,,,,0,3
543,0,30,100,100,0,8336179,10789889,11718143,"0,2b8,2f7,0,0",4,0,2314,,,,,0,3
544,,,,,,,,,,,,,,,,,,3
545,0,21,100,100,1,7576235,13611669,-1,"0,0,0,0,0",-1,0,2328,,,,,0,3
546,0,9073,100,100,0,13937245,2997239,-1,"0,0,0,0",-1,0,2330,,,,,0,"3,5,6"
547,0,9073,100,100,1,-1,-1,-1,"0,0,0,0",-1,0,2330,,,,,0,"3,5,6"
548,0,9073,100,100,0,-1,-1,-1,"0,0,0,0",-1,0,2330,,,,,0,"3,5,6"
549,0,8008,100,100,0,-1,-1,-1,"0,0,0,0,0",-1,0,-1,,,,,0,3
550,0,9073,100,100,0,-1,-1,-1,"0,0,0,0",-1,0,2330,,,,,0,"3,5,6"
551,0,9073,100,100,1,-1,-1,-1,"0,0,0,0,0",-1,0,2330,,,,,0,"3,5,6"
552,0,9073,100,100,0,-1,-1,-1,"0,0,0,0",-1,0,-1,,,,,0,"3,5,6"
553,0,9073,100,100,1,-1,-1,-1,"0,0,0,0",-1,0,2330,,,,,0,"3,5,6"
554,0,9073,100,100,1,-1,-1,-1,"0,0,0,0",-1,0,2330,,,,,0,"3,5,6"
555,0,9073,100,100,1,-1,-1,-1,"0,0,0,0",-1,0,-1,,,,,0,"3,5,6"
557,0,9073,100,100,1,-1,-1,-1,"0,0,0,0",-1,0,2330,,,,,0,"3,5,6"
558,0,9032,100,100,1,-1,-1,-1,"0,0,0,0",-1,0,2342,577,,,,0,"1,3"
559,0,9073,100,100,0,-1,-1,-1,"0,0,0,0",-1,0,2330,,,,,0,"3,5,6"
560,0,9073,100,100,1,-1,-1,-1,"0,0,0,0",-1,0,2330,,,,,0,"3,5,6"
561,0,9073,100,100,1,-1,-1,-1,"0,0,0,0",-1,0,2330,,,,,0,"3,5,6"
562,0,9073,100,100,0,-1,-1,-1,"0,0,0,0",-1,0,-1,,,,,0,"3,5,6"
563,0,9073,100,100,0,-1,-1,-1,"0,0,0,0",-1,0,2330,,,,,0,"3,5,6"
564,0,9003,100,100,0,-1,-1,-1,"0,0,0,0,0",-1,0,2357,"19,341,936,193,819,300,000,000,000,000,000",,,,0,"1,3"
565,,,,,,,,,,,,,,,,,,3
566,,,,,,,,,,,,,,,,,,3
567,0,9073,100,100,0,-1,-1,-1,"0,0,0,0,0",-1,0,2330,,,,,0,"3,5,6"
568,0,9073,100,100,0,-1,-1,-1,"0,0,0,0,0",-1,0,2330,-1,,,,0,"3,5,6"
569,0,9073,100,100,0,-1,-1,-1,"0,0,0,0,0",-1,0,-1,,,,,0,"3,5,6"
570,0,9073,100,100,0,-1,-1,-1,"0,0,0,0,0",-1,0,2330,,,,,0,"3,5,6"
571,0,9073,100,100,0,-1,-1,-1,"0,0,0,0,0",-1,0,2330,,,,,0,"3,5,6"
572,0,9073,100,100,0,-1,-1,-1,"0,0,0,0,0",-1,0,2330,,,,,0,"3,5,6"
573,0,9073,100,100,0,-1,-1,-1,"0,0,0,0,0",-1,0,-1,,,,,0,"3,5,6"
574,0,9073,100,100,0,-1,-1,-1,"0,0,0,0,0",-1,0,2330,,,,,0,"3,5,6"
575,0,9073,100,100,0,-1,-1,-1,"0,0,0,0,0",-1,0,-1,,,,,0,"3,5,6"
576,0,9073,100,100,0,-1,-1,-1,"0,0,0,0,0",-1,0,-1,,,,,0,"3,5,6"
577,0,9008,100,100,0,-1,16777215,16777215,"0,0,0,0,0",-1,0,1183,1946,,,,0,"1,3"
578,0,9073,100,100,0,-1,-1,-1,"0,0,0,0,0",-1,0,-1,,,,,0,"3,5,6"
579,0,9073,100,100,0,0,0,0,"0,0,0,0",-1,0,-1,,,,,0,"3,5,6"
580,0,9073,100,100,0,-1,-1,-1,"0,0,0,0,0",-1,0,-1,,,,,0,"3,5,6"
581,0,9073,100,100,0,-1,-1,-1,"0,0,0,0,0",-1,0,-1,-1,,,,0,"3,5,6"
582,0,9073,100,100,0,-1,-1,-1,"0,0,0,0,0",-1,0,-1,,,,,0,"3,5,6"
583,0,9073,100,100,0,-1,-1,-1,"0,0,0,0,0",-1,0,-1,,,,,0,"3,5,6"
584,0,9073,100,100,0,-1,-1,-1,"0,0,0,0,0",-1,0,2330,,,,,0,"3,5,6"
585,0,9073,100,100,0,-1,-1,-1,"0,0,0,0,0",-1,0,2330,,,,,0,"3,5,6"
586,0,9073,100,100,0,-1,-1,-1,"0,0,0,0,0",-1,0,-1,,,,,0,"3,5,6"
587,0,9073,100,100,0,-1,-1,-1,"0,0,0,0,0",-1,0,2330,,,,,0,"3,5,6"
588,0,9073,100,100,0,-1,-1,-1,"0,0,0,0,0",-1,0,-1,,,,,0,"3,5,6"
589,0,9073,100,100,0,-1,-1,-1,"0,0,0,0,0",-1,0,-1,,,,,0,"3,5,6"
590,0,9073,100,100,0,-1,-1,-1,"0,0,0,0,0",-1,0,-1,,,,,0,"3,5,6"
591,0,9073,100,100,0,-1,-1,-1,"0,0,0,0,0",-1,0,2330,-1,,,,0,"3,5,6"
592,0,9073,100,100,0,-1,-1,-1,"0,0,0,0,0",-1,0,2330,,,,,0,"3,5,6"
593,0,9073,100,100,0,-1,-1,-1,"0,0,0,0,0",-1,0,2330,,,,,0,"3,5,6"
594,0,9008,100,100,0,-1,15859712,15859712,"0,0,0,0,0",-1,0,2391,"5,961,860",,,,0,"1,3"
595,,,,,,,,,,,,,,,,,,3
596,0,30,100,100,0,14330916,2566968,15000282,"0,0,0,0,0",-1,0,2399,497,,,,0,"1,3"
597,0,9034,100,100,0,-1,-1,-1,"0,0,0,0",-1,0,2403,"951,579",,,B2;D1;B1,0,"1,3"
598,,,,,,,,,,,,,,,,,,3
599,0,70,100,100,0,-1,-1,8894508,"0,0,0,0,0",-1,0,2410,,,,,0,3
600,0,20,100,100,0,12964255,7311224,-1,"0,0,0,0",-1,0,2411,,,,,0,3
601,0,9013,100,100,1,1841667,14047709,1901064,"0,0,0,0,0",-1,0,2412,,,,,0,3
602,0,9069,100,100,1,7066952,16777215,-1,"0,0,0,0",-1,0,2416,,,,,0,3
603,0,90,100,100,0,-1,15432224,5193788,"0,1acf,1ae6,0,1b9d",-1,0,2369,,,,,0,3
604,0,50,100,100,0,14317092,15579267,7170666,"0,1acf,1ae6,0,1b9d",-1,0,2369,,,,,0,3
605,0,8007,100,100,1,-1,-1,-1,"0,0,0,0,0",-1,0,2449,"99,961,000,110,002",,,,0,"1,3"
606,0,1211,100,100,0,-1,-1,-1,"0,0,0,0,0",-1,0,2450,,,,,0,3
608,0,9016,100,100,0,10075010,-1,7493977,"0,0,0,0,0",-1,0,2463,,,,,0,"1,3"
609,0,110,100,100,0,-1,-1,-1,"0,2be,0,0,0",-1,0,7143,,,,G2;H2,0,3
611,,,,,,,,,,,,,,,,,,3
612,,,,,,,,,,,,,,,,,,3
613,0,30,100,100,0,15761166,14184973,16777215,"0,2bf,0,0,0",-1,0,2493,,,,,0,3
614,0,30,100,100,0,15761166,14184973,4801340,"0,2bf,0,0",-1,0,2489,,,,B1;D2,0,3
615,0,30,100,100,0,2021672,-1,10527374,"0,1a6c,2e8,0,0",-1,0,2490,,,,D2;B3;B1;G2;G1;G2,0,3
616,0,31,100,100,1,13074679,16777215,16316422,"0,0,0,0",-1,0,2491,,,,D2;B1,0,3
620,,,,,,,,,,,,,,,,,,3
621,0,120,100,100,0,-1,-1,13316666,"0,1acf,0,0,1b9d",4,0,2495,-1,,,,0,3
622,0,120,100,100,0,8149872,16777215,7361640,"0,1b2e,0,0,0",-1,0,-1,7042,,,,0,"1,3"
623,0,9075,100,100,0,-1,-1,-1,"0,0,0,0,0",-1,0,-1,-1,,,,0,3
624,,,,,,,,,,,,,,,,,,3
625,0,9075,100,100,0,-1,-1,-1,"0,0,0,0,0",-1,0,-1,-1,,,,0,3
626,0,9075,100,100,0,-1,-1,-1,"0,0,0,0,0",-1,0,-1,-1,,,,0,3
627,0,9075,100,100,0,-1,-1,-1,"0,0,0,0,0",-1,0,2522,,,,,0,3
628,0,9075,100,100,0,-1,-1,-1,"0,0,0,0,0",-1,0,2520,,,,,0,3
629,0,9075,100,100,0,-1,-1,-1,"0,0,0,0,0",-1,0,-1,-1,,,,0,3
630,0,1281,100,100,0,16773874,15007744,16777215,"0,0,a45,0,0",-1,0,-1,-1,,,,0,3
631,0,121,100,100,1,15435243,16777215,16174583,"0,0,0,0,0",-1,0,-1,-1,,,,0,3
632,0,9076,100,100,0,-1,-1,-1,"0,0,0,0,0",-1,0,-1,-1,,,,0,3
633,0,1275,100,100,0,-1,-1,-1,"0,0,0,0,0",-1,0,-1,-1,,,,0,3
634,0,1264,100,100,0,5267155,16777215,-1,"0,0,0,0,1c42",-1,0,2672,-1,,,,0,3
635,,,,,,,,,,,,,,,,,,3
636,0,1264,100,100,0,16151342,11147810,-1,"0,0,0,0,1c44",-1,0,2812,-1,,,,0,3
637,,,,,,,,,,,,,,,,,,3
638,,,,,,,,,,,,,,,,,,3
640,0,9051,100,100,0,6343985,-1,1762195,"0,3c9,0,0,0",-1,0,2744,-1,,,,0,3
641,0,1264,100,100,0,6504750,5295721,-1,"0,0,0,0,1c43",-1,0,-1,-1,,,,0,3
642,0,1264,100,100,0,15530710,4652935,-1,"0,0,0,0,1c45",-1,0,-1,-1,,,,0,3
643,,,,,,,,,,,,,,,,,,3
644,0,1264,100,100,0,0,0,0,"0,0,0,0",-1,0,-1,,,,,0,"1,3"
645,0,120,100,100,0,9603993,16777215,10925736,"0,3fb,0,0,0",-1,0,21213,-1,,,,0,3
646,,,,,,,,,,,,,,,,,,3
647,0,9001,100,100,1,15110630,-1,16566503,"0,0,0,0,0",4,0,2612,,,,,0,3
648,,,,,,,,,,,,,,,,,,3
649,0,9051,100,100,0,-1,-1,-1,"0,0,0,0,0",-1,0,-1,-1,,,,0,3
650,0,9045,100,100,0,0,5720635,1245184,"0,0,0,0,0",-1,0,-1,-1,,,,0,3
651,0,81,100,100,1,16777215,0,16777215,"0,0,0,0,0",-1,0,-1,-1,,,,0,3
652,,,,,,,,,,,,,,,,,,3
653,0,9075,100,100,0,-1,-1,-1,"0,0,0,0,0",-1,0,-1,-1,,,,0,3
654,0,120,100,100,0,0,0,16777215,"0,3ad,0,0,1c1c",-1,0,-1,-1,,,,0,3
655,,,,,,,,,,,,,,,,,,3
656,,,,,,,,,,,,,,,,,,3
657,,,,,,,,,,,,,,,,,,3
658,,,,,,,,,,,,,,,,,,3
659,,,,,,,,,,,,,,,,,,3
660,0,120,100,100,0,16177887,15785102,3119055,"0,1a7a,0,0,0",-1,0,-1,-1,,,,0,3
661,0,121,100,100,1,13603034,9978301,6906601,"0,0,0,0,0",-1,0,-1,-1,,,,0,3
662,0,121,100,100,1,-1,-1,-1,"0,0,0,0,0",-1,0,-1,-1,,,,0,3
663,0,120,100,100,0,15197616,15854035,15591613,"0,1b1a,0,0",-1,0,-1,-1,,,,0,3
664,0,1264,100,100,0,-1,-1,-1,"0,0,0,0,0",-1,0,-1,-1,,,,0,3
665,0,120,100,100,0,15514699,15813709,16435460,"0,1b09,0,0,0",-1,0,-1,-1,,,,0,3
666,0,120,100,100,0,7372001,13620450,6518943,"0,275,0,0,0",-1,0,-1,-1,,,,0,3
667,0,120,100,100,0,4565957,4568819,13627644,"0,1a9d,0,0,1bab",-1,0,-1,-1,,,,0,3
668,0,120,100,100,0,7702408,16777215,3552822,"0,2bb,0,0,1bad",-1,0,-1,-1,,,,0,3
669,0,120,100,100,0,-1,14183718,14911770,"0,1b0e,0,0",-1,0,-1,-1,,,,0,3
670,,,,,,,,,,,,,,,,,,3
671,0,120,100,100,0,16713222,-1,1922261,"0,2bd,0,0,0",-1,0,-1,-1,,,,0,3
672,0,10,100,100,0,-1,-1,-1,"0,0,0,0",4,0,6963,,,,,0,"1,3"
673,,,,,,,,,,,,,,,,,,3
674,,,,,,,,,,,,,,,,,,3
675,0,120,100,100,0,12406144,-1,2789587,"0,1acf,0,0,1c42",-1,0,2803,-1,,,,0,3
676,0,120,100,100,0,-1,8371010,10710106,"0,1acf,0,0,1c43",-1,0,2805,-1,,,,0,3
678,0,9075,100,100,0,-1,-1,-1,"0,0,0,0,0",-1,0,-1,,,,,0,"3,5,6"
679,,,,,,,,,,,,,,,,,,"1,3"
680,0,9006,100,100,0,-1,-1,-1,"0,0,0,0,0",-1,0,2831,-1,,,,0,3
681,0,120,100,100,0,16119285,12809237,15921906,"0,393,0,0,0",-1,0,2843,-1,,,,0,3
682,0,120,100,100,0,14671839,-1,-1,"0,0,0,0,1ba1",-1,0,-1,"7,045,704,770,467,050",,,,0,"1,3"
683,0,9007,100,100,0,9633799,-1,1971785,"0,0,0,0,0",-1,0,2861,-1,,,,0,"1,3"
684,0,9007,100,100,0,12763842,-1,10761418,"0,0,0,0,0",-1,0,1212,-1,,,,0,3
688,0,1076,100,100,0,-1,-1,-1,"0,0,0,0,0",-1,0,-1,,,,,0,
690,,,,,,,,,,,,,,,,,,3
691,0,9048,100,100,0,-1,-1,-1,"0,0,0,0,0",-1,0,318,-1,,,,0,3
692,0,9048,100,100,0,-1,-1,-1,"0,0,0,0",-1,0,-1,-1,,,,0,3
693,0,30,100,100,0,2425089,16777215,16777215,"0,2bc,0,0,0",-1,0,2879,,,,,0,3
694,0,9067,100,100,0,12976128,12976128,0,"0,0,0,0,0",-1,0,2880,"698,770,077,332,700,000,000,000,000,000,000,000,000,000,000,000,000,000,000,000,000,000,000,000",,,,0,"1,3"
695,0,9067,100,100,0,2204150,16777215,2204150,"0,0,0,0,0",-1,0,2880,"698,770,077,332,700,000,000,000,000,000,000,000,000,000,000,000,000,000,000,000,000,000,000,000",,,,0,"1,3"
696,,,,,,,,,,,,,,,,,,3
697,0,1206,100,100,0,-1,-1,-1,"0,0,0,0,0",-1,0,2949,-1,,,,0,3
698,0,9073,100,100,0,-1,-1,-1,"0,0,0,0,0",-1,0,-1,,,,,0,"3,5,6"
699,0,9073,100,100,0,-1,-1,-1,"0,0,0,0,0",-1,0,-1,,,,,0,"3,5,6"
700,0,120,100,100,0,15918981,15903590,14508129,"0,1acf,0,0,1c44",-1,0,2885,-1,,,,0,3
701,0,1273,100,100,0,0,0,0,"0,0,0,0",-1,0,2888,,,,,0,3
702,0,9077,100,100,1,-1,-1,-1,"0,0,0,0,0",-1,0,2891,,,,,0,3
703,,,,,,,,,,,,,,,,,,3
704,0,9048,100,100,0,-1,-1,-1,"0,0,0,0",-1,0,-1,-1,,,,0,"1,3"
705,0,1295,100,100,0,-1,-1,-1,"0,0,0,0",-1,0,2938,,,,,0,3
706,0,1260,100,100,0,-1,-1,-1,"0,0,0,0,0",-1,0,2940,-1,,,,0,3
707,0,9075,100,100,0,-1,-1,-1,"0,0,0,0,0",-1,0,2941,-1,,,,0,3
708,0,1283,100,100,0,-1,-1,-1,"0,0,0,0",-1,0,2942,,,,,0,3
709,0,9075,100,100,0,-1,-1,-1,"0,1bea,0,0,0",-1,0,2943,-1,,,,0,3
710,0,1297,100,100,0,-1,-1,-1,"0,0,0,0",-1,0,2944,,,,,0,3
711,0,1207,100,100,0,6961186,14408668,1907997,"0,0,0,0,0",-1,0,-1,,,,,0,"1,3"
712,0,1243,100,100,0,-1,-1,-1,"0,0,0,0,0",-1,0,7071,-1,,,,0,3
714,0,9073,100,100,0,-1,-1,-1,"0,0,0,1e22,0",-1,0,2330,,,,,0,"3,5,6"
715,0,9073,100,100,0,-1,-1,-1,"0,0,0,0,0",-1,0,2330,,,,,0,"3,5,6"
716,0,9073,100,100,0,-1,-1,-1,"0,0,0,0,0",-1,0,-1,,,,,0,"3,5,6"
717,0,9073,100,100,0,-1,-1,-1,"0,0,0,0,0",-1,0,-1,-1,,,,0,"3,5,6"
718,0,9073,100,100,0,-1,-1,-1,"0,0,0,0,0",-1,0,-1,-1,,,,0,"3,5,6"
719,0,9073,100,100,0,-1,-1,-1,"0,0,0,0,0",-1,0,-1,,,,,0,"3,5,6"
720,0,9073,100,100,0,-1,-1,-1,"0,0,0,0,0",-1,0,-1,,,,,0,"3,5,6"
721,0,9073,100,100,0,-1,-1,-1,"0,0,0,0,0",-1,0,-1,,,,,0,"3,5,6"
722,0,9073,100,100,0,-1,-1,-1,"0,0,0,0,0",-1,0,-1,,,,,0,"3,5,6"
723,0,9073,100,100,0,-1,-1,-1,"0,0,0,0,0",-1,0,-1,,,,,0,"3,5,6"
725,0,120,100,100,0,-1,16777215,16777215,"0,2bc,0,0,0",4,0,2965,,,,"B2,D1",0,3
726,0,9006,100,100,0,16186867,16716563,15924054,"0,0,0,0,0",4,0,2975,,,,,0,3
727,0,20,100,100,0,14317092,15579267,7170666,"0,1acf,1ae6,0,1b9d",4,0,2978,,,,D3;D1;G3,0,3
729,0,9023,100,100,0,11756874,16777215,6249554,"0,0,0,0,0",4,0,2984,,,,,0,3
730,0,9025,100,100,0,3762885,14818382,3583536,"0,0,0,0,0",-1,0,3004,7931,,,,0,"1,3"
731,,,,,,,,,,,,,,,,,,3
732,0,9000,100,100,0,15340564,15721231,16777215,"0,0,0,0,0",4,0,3016,,,,,0,3
733,0,6000,100,100,0,10384730,10262159,10452831,"0,0,0,0,0",-1,0,-1,,,,,0,3
734,0,81,100,100,1,13969877,15340586,16513789,"0,2be,0,0,1baf",-1,0,3027,,,,B2;B2;D2,0,3
735,0,51,100,100,1,16777215,1384400,732944,"0,2be,0,0,1baf",-1,0,3030,,,,,0,3
736,0,110,100,100,0,14317092,15579267,7170666,"0,1acf,1ae6,0,0",-1,0,-1,,,,,0,3
737,,,,,,,,,,,,,,,,,,3
738,0,9000,100,100,0,16777215,15129637,16777215,"0,0,0,0,0",-1,0,-1,,,,,0,3
739,,,,,,,,,,,,,,,,,,3
740,0,40,100,100,0,0,14891620,-1,"0,0,0,6af,0",-1,0,-1,-1,,,,0,3
741,0,80,100,100,0,2909906,12403015,11764810,"0,1acf,1ae6,0,1b9d",4,0,-1,-1,,,,0,3
742,,,,,,,,,,,,,,,,,,3
743,0,31,100,100,1,3297739,16777215,-1,"0,1acf,1ae6,0,1b9d",4,0,3080,-1,,,,0,3
744,,,,,,,,,,,,,,,,,,3
745,0,70,100,100,0,0,14408521,16011344,"0,2bb,2a5,0,0",-1,0,3088,-1,,,,0,3
746,0,110,100,100,0,9337448,13621771,15923691,"0,0,0,0,0",-1,0,3112,-1,,,,0,3
747,0,30,100,100,0,3825091,-1,15784462,"0,0,0,0,0",4,0,3047,,,,,0,3
748,0,1363,100,100,0,-1,-1,-1,"0,275,0,0,0",-1,0,6754,-1,,,,0,3
749,0,1076,100,100,0,8942979,9138820,8877953,"0,0,0,0,0",-1,0,-1,,,,,0,
750,0,1076,100,100,0,7762061,9073537,16579579,"0,0,0,0,0",-1,0,-1,,,,,0,
751,0,1076,100,100,0,8747130,9138811,9073528,"0,0,0,0,0",-1,0,-1,,,,,0,
752,,,,,,,,,,,,,,,,,,"1,4"
753,0,9005,100,100,0,0,0,0,"0,0,0,0",-1,0,3118,,,,,0,"3,7"
754,0,1363,100,100,0,-1,-1,-1,"0,0,0,0,0",-1,0,3119,-1,,,,0,3
755,0,1356,100,100,0,0,0,0,"0,0,0,0",-1,0,3121,,,,,0,3
756,0,10,100,100,0,2468793,-1,16777215,"0,1F49,1F47,0",-1,0,3127,,,,,0,3
757,0,1439,100,100,0,-1,-1,-1,"0,0,0,0,0",-1,0,3133,-1,,,,0,3
758,0,1439,100,100,0,-1,-1,-1,"0,0,0,0,0",-1,0,3138,-1,,,,0,3
759,0,1363,100,100,0,-1,-1,-1,"0,0,0,0,0",-1,0,3142,-1,,,,0,3
760,0,1450,100,100,0,-1,-1,-1,"0,0,0,0,0",-1,0,3143,-1,,,,0,3
761,0,1357,100,100,1,16479068,16479068,16479068,"0,0,0,0,0",-1,0,-1,-1,,,,0,3
762,0,1357,100,100,1,-1,-1,-1,"0,0,0,1ee7,0",4,0,-1,-1,,,,0,3
763,0,1357,100,100,1,4048569,4048569,4048569,"0,0,0,0,0",-1,0,3148,-1,,"8064:10,8075:10,8076:10,8077:10|17768:1",,0,3
764,0,1357,100,100,1,7579108,7579108,7579108,"0,0,0,0,0",-1,0,-1,-1,,,,0,3
765,0,9079,100,100,1,-1,16777215,-1,"0,0,0,0,0",-1,0,3150,-1,,,,0,3
766,0,9079,100,100,1,-1,393216,-1,"0,0,0,0,0",-1,0,3154,-1,,,,0,3
768,,,,,,,,,,,,,,,,,,"1,3"
769,0,9048,100,100,0,-1,-1,-1,"0,0,0,0,0",-1,0,3155,-1,,,,0,"1,3"
770,0,9041,100,100,0,-1,-1,-1,"0,0,0,0,0",-1,0,"9520,3156|9541,3232",,,,,0,3
771,0,9078,100,100,0,-1,-1,-1,"0,0,0,0,0",-1,0,-1,"5,977,799",,,,0,"1,3"
772,0,30,100,100,0,-1,-1,-1,"0,1b12,0,0,0",-1,0,3162,-1,,,,0,3
773,,,,,,,,,,,,,,,,,,4
774,0,9048,100,100,0,-1,-1,-1,"0,0,0,0,0",-1,0,"-1,3166|2985,3200|9604,3181",-1,,,,0,3
775,0,1003,100,100,1,-1,-1,-1,"0,0,0,0",-1,0,3172,,,,,0,3
776,0,1012,100,100,1,-1,-1,-1,"0,0,0,0",-1,0,3173,,,,,0,3
777,0,9031,100,100,0,0,0,0,"0,0,0,0",-1,0,3174,,,,,0,3
778,0,9032,100,100,0,0,0,0,"0,0,0,0",-1,0,3176,,,,"G2,B3,G1",0,3
779,0,30,100,100,0,-1,-1,-1,"0,1b28,1b2a,0,0",-1,0,3177,-1,,,,0,3
780,0,9032,100,100,1,-1,-1,-1,"0,0,0,0,0",-1,0,3178,,,,,0,3
781,0,91,100,100,1,-1,-1,-1,"0,1fb4,1fb5,0,0",-1,0,3179,,,,,0,3
783,0,30,100,100,0,-1,-1,-1,"0,205c,0,0,0",-1,0,"9538,3204|9876,3201|-1,3207|9557,3208|9877,3210|9881,3213",,,,,0,3
784,0,50,100,100,0,3248109,16724531,16773874,"0,205d,2059,0,0",-1,0,"9397,3216|9396,3221|9395,3223|-1,3223|9397,3223",,,,,0,3
785,0,30,100,100,0,14030140,16439008,15725307,"0,1d5c,0,0,0",-1,0,3234,,,,,0,3
786,0,9054,100,100,0,-1,-1,-1,"0,0,0,0,0",-1,0,-1,"7,309,731,073,117,310,000,000,000,000,000,000,000,000,000,000,000,000,000,000,000,000,000,000,000,000,000,000,000,000,000,000,000,000,000,000,000,000,000,000,000,000,000,000,000,000,000,000,000,000,000,000,000,000,000,000,000,000,000,000,000,000,000,000",,,,0,1
787,0,9033,100,100,1,-1,-1,-1,"0,0,0,0,0",-1,0,-1,"1590,1645,8106,9039,9884,9887,9888,9053,9048,9044,9051,9056,10456,10457,8990,10458,10459,10460,10461,10462,10463,10464,548,580,793,1405,1542,1575,1587,1588,1589,1590,1591,1592,1593,1594,1595,1596,1597,1598,1599,1600,1601,1642,1643,1644,1646,1647,1648,1649,1712,1713,1742,2183,2184,2185,2186,2542,6964,6965,7421,7505,7506,7507,7652,8012,9885,9870,9869,9054,9045,9052,9050,9038,9041,9043,9897,7498,9899,7496,1741,9883,9886,9882,9046,9049,9047,9055,9057,9040,9042,9558,9898,9900,7497,10465,10466,10467,10468,10469,10470,10471,10472,10473,10474,10475,10476,10477,10478,10479,10480,10481,10482,10483,10484,10485,10486,10487,10488,10489,10490,10491,10495,10496,10497,10498,10499,10500,10501,10502,10503,10504,10563",,,,0,1
788,0,9030,100,100,0,-1,-1,-1,"0,0,0,0,0",-1,0,-1,"743,526,528",,,,0,1
789,0,70,100,100,0,16777215,-1,-1,"0,205f,205e,0,0",-1,0,3236,,,,,0,3
790,0,9067,100,100,0,-1,-1,-1,"0,0,0,0,0",-1,0,-1,"10383,10393,10386,10394,10388,10396,7492,7491,7463,7464,7465,7466,7467,1341,1333,1347,1335,1342,1348,7494,7493,7495,7468,1340,1345,1337,1343,1338,1346,10390,10401,10391,10407,10392,17200,17202,17203,17204,17205,1519,1521,1522,1523,1524,1525,7448,7451,7452,7453,7454,7455,7456,7457,7458,7459,7460,7560,10057,1545,1546,1547,1548,1549,1550,7433,7434,7435,7436,7437,7438,7442,7443,7446,7447,7449,8379,10613,10615,10662,1551,1552,1553,1554,1555,1556,7444,7445,7450,10616,10618,10619,1557,1558,713,714,715,716,718,879,878,695,10382,10384,10385,10387,10389,10395,10397,10398,10399,10400,10403,10404,10405",,,,0,"1,3"
791,0,61,100,100,1,-1,-1,-1,"0,1b0e,1b0f,0,0",-1,0,-1,"6,927,692,669,286,920",,,,0,1
792,0,11,100,100,1,-1,-1,-1,"0,96b,96e,0,1baf",-1,0,-1,"2,411,241,624,222,420,000,000,000,000",,,,0,1
793,0,81,100,100,1,-1,-1,-1,"0,1a9d,1a9b,1f40,0",-1,0,-1,"6,799,680,468,056,800,000,000,000,000",,,,0,1
794,0,91,100,100,1,-1,-1,-1,"0,96a,96d,1fd9,0",-1,0,-1,"2,410,241,324,172,420,000,000,000,000",,,,0,1
795,0,30,100,100,0,0,0,0,"0,0,0,0",-1,0,3258,,,,,0,3
796,0,30,100,100,0,-1,-1,-1,"0,2043,2042,0,1ba5",-1,0,-1,,,,,0,3
797,0,1001,100,100,1,-1,-1,-1,"0,0,0,0,0",-1,0,"9127,3271|8715,3279|8719,3280|10154,3274|10235,3275|8721,3276|9120,3279|9123,3280|10153,3278",,,,,0,3
798,0,30,100,100,0,-1,-1,-1,"0,2043,2042,0,1ba5",-1,0,"10155,3281|10165,3290",,,,,0,3
799,0,1436,100,100,0,-1,-1,-1,"0,2103,2104,0,0",-1,0,"6536,3292|10213,30001",-1,,,,0,3
800,0,1535,100,100,0,-1,-1,-1,"0,0,0,0,0",-1,0,"6738,3294|10199,30002",,,,,0,3
801,0,9047,100,100,0,-1,-1,-1,"0,0,0,0,0",-1,0,-1,-1,,,,0,3
802,0,31,100,100,1,10754718,14537767,12828596,"0,0,0,0,0",4,0,3306,,,,,0,3
803,0,100,100,100,0,5779,-1,35854,"0,0,0,0,0",-1,0,-1,-1,,,,0,3
804,0,9004,100,100,0,7104256,0,0,"0,0,0,0,0",4,0,3314,,,,,0,3
805,0,1535,100,100,0,16776986,3033,15862796,"0,0,0,0,0",-1,0,3320,-1,,,H3,0,3
806,0,30,100,100,0,99585,8947715,16774854,"0,0,0,0,0",-1,0,3322,,,,D2;B2,0,3
807,0,101,100,100,1,3788081,16776960,-1,"0,0,0,0,0",-1,0,3330,,,,,0,3
808,0,120,100,100,0,16724541,2340131,5658248,"0,0,0,0,0",-1,0,3336,,,,,0,3
809,0,9012,100,100,1,-1,-1,-1,"0,0,0,0,0",-1,0,3341,"11542,11543,11544,11545,11546,11547,11548,11539,11540,11541,11475,11474,17128,966,9234,9233,11477,11478,11479,11480,11481,11482,11483,11484,11485,11486,11487,11488,11489,11490,11491,11492,11493,11494,11495,11496,11497,4",,,B2;G1,0,"1,3"
810,0,90,100,100,0,0,4194304,16711910,"970,96b,96e,0,0",4,0,3357,,,,,0,3
811,0,9045,140,140,0,6908265,3412229,15922849,"1c18,1a9d,304,0,1baa",-1,0,3370,,,,G1;B1,0,3
812,0,120,100,100,0,-1,-1,-1,"0,2ba,0,0,0",-1,0,-1,"940,941,942,943,944,2474,6660,6662,6802,6863,6971,6975,7177,7422,8069,8162,8243,8244,8245,8246,8247,8248,8334,8533,8828,8854,8918,9471,10414,10685,10801,949,697,700,6913,8558,6921,2411,6797,8259,6917,710,8125,696,976,1019,1090,6719,9189,629,8700,699,701,6958,9418,8114,706,711,702,708,969,1907,2641,9185,9414,6764,698,707,712,8531,9184,9187,9457,9486,2070,7109,2095,9190,703,704,6926,8678,9406,709,2096,9405,9936,9937,9930,1904,9931,1088,2485,8619,8628,8629,8630,8631,8632,8633,8634,8635,8636,8637,8638,9188,9410,2409,2535,6760,6761,8559,9653,10102,10184,2097,7226,9541,10188,2519,2520,6930,6936,6937,6938,6939,9194,9197,2410,2546,9479,6991,705,7886,2104,9652,9567,9663,1908,2094,2157,2438,7553,8133,6992,6472,8116,2447,2531,6500,8009,6952,7339,7229,6473,6834,8330,6482,7227,7058,7038,8829,6778,8147,8304,7146,7887,6474,8331,8823,7034,7228,8285,6813,8441,8163,8442,6477,8845,8451,7145,7144,7516,8325,7150,6990,8463,6481,6989,7143,7151,7152,7141,8824,7921,8287,8821,8846,8569,8260,8457,8820,8822,8847,8267,6483,7142,8474,7056,8530,9394,8989,8848,8284,8839,8840,8841,8842,8704,9395,8699,8844,6988,7680,8843,9147,9181,9461,11548",,,D2;B1;G2,0,1
813,0,9007,100,100,0,13434111,400205,801446,"0,0,0,0,0",-1,0,3379,-1,,,,0,3
814,0,9037,100,100,0,-1,-1,-1,"0,0,0,0,0",-1,0,3388,-1,,,,0,3
815,0,9000,100,100,0,11450113,11162785,2634479,"0,0,0,0,0",-1,0,-1,,,,,0,3
816,0,40,100,100,0,616437,410616,8605436,"0,7413,7515,0,0",-1,0,-1,"88,6783,89,90,91,4683,4685,4686,4687,4688,4689,4690,4691,4692,829,4693,4694,4695,4696,4697,4698,2341,2361,4699,4700,4701,828,4702,4703,4704,4705,4706,4707,4708,4709,4710,264,4711,4712,4713,1092,1350,4714,4715,4716,265,4717,4718,4719,4720,4721,4722,266,1093,1117,4723,4724,4725,267,4726,4727,4728,337,4729,4730,4731,1094,4732,4733,4734,331,4735,4736,4737,1118,4738,4739,4740,1095,4741,4742,4743,4744,4745,4746,4747,4748,4749,4750,4751,4752,272,462,1119,4753,4754,4755,1096,4756,4757,4758,329,332,1351,4759,4760,4761,10125,4762,4763,4764,1097,4765,4766,4767,273,1120,4768,4769,4770,4771,4772,4773,1098,1113,4774,4775,4776,592,4777,4778,4779,4780,4781,4782,1112,1121,4783,4784,4785,1114,1620,4786,4787,4788,1355,4789,4790,4791,1353,4792,4793,4794,4795,4796,4797,1115,4798,4799,4800,1122,4801,4802,4803,4804,4805,4806,640,4807,4808,4809,1116,4810,4811,4812,4813,4814,4815,4816,4817,4818,1123,1352,1354,4819,4820,4821,4822,4823,4824,4825,4826,4827,4828,4829,4830,1125,4831,4832,4833,4834,4835,4836,1124,4837,4838,4839,7040,4840,4841,4842,6491,4843,4844,4845,4846,4847,4848,270,1126,4849,4850,4851,4852,4853,4854,8005,4855,4856,4857,4858,4859,4860,4861,4862,4863,4864,4865,4866,1127,4867,4868,4869,4870,4871,4872,4873,4874,4875,4876,4877,4878,4879,4880,4881,6453,4882,4883,4884,1128,4885,4886,4887,4888,4889,4890,4891,4892,4893,4894,4895,4896,4897,4898,4899,4900,4901,4902,4903,4904,4905,4906,4907,4908,8610,4909,4910,4911,6445,4912,4913,4914,8609,4915,4916,4917,6451,4918,4919,4920,4921,4922,4923,4924,4925,4926,4927,4928,4929,4930,4931,4932,6446,4933,4934,4935,4936,4937,4938,4939,4940,4941,6484,4942,4943,4944,4945,4946,4947,4948,4949,4950,4951,4952,4953,4954,4955,4956,4957,4958,4959,7194,4960,4961,4962,4963,4964,4965,4966,4967,4968,4969,4970,4971,4972,4973,4974,4975,4976,4977,4978,4979,4980,4981,4982,4983,4984,4985,4986,4987,4988,4989,4990,4991,4992,7161,4993,4994,4995,4996,4997,4998,4999,5000,5001,5002,5003,5004,5005,5006,5007,5008,5009,5010,5011,5012,5013,5014,5015,5016,5017,5018,5019,5020,5021,5022,5023,5024,5025,5026,5027,5028,5029,5030,5031,6452,6485,7160,5032,5033,5034,8103,5035,5036,5037,8295,8864,5038,5039,5040,5041,5042,5043,7163,7187,5044,5045,5046,5047,5048,5049,5050,5051,5052,5053,5054,5055,5056,5057,5058,8104,5059,5060,5061,7162,5062,5063,5064,5065,5066,5067,5068,5069,5070,5071,5072,5073,5074,5075,5076,5077,5078,5079,5080,5081,5082,5083,5084,5085,5086,5087,5088,5089,5090,5091,5092,5093,5094,5095,5096,5097,5098,5099,5100,7164,5101,5102,5103,5104,5105,5106,5107,5108,5109,5110,5111,5112,5113,5114,5115,5116,5117,5118,5119,5120,5121,8924,8925,9134,11539,6781,7920,8627,132,133,134,4243,4244,4245,4246,4247,4248,4249,4250,4251,4252,4253,4254,4255,4256,4257,4258,4259,4260,1356,4261,4262,4263,4264,4265,4266,162,163,4267,4268,4269,164,4270,4271,4272,165,1101,4273,4274,4275,4276,4277,4278,4279,4280,4281,4282,4283,4284,4285,4286,4287,168,174,334,1102,1503,4288,4289,4290,4291,4292,4293,4294,4295,4296,833,4297,4298,4299,830,4300,4301,4302,834,1103,4303,4304,4305,8110,4306,4307,4308,831,835,4309,4310,4311,7173,4312,4313,4314,832,4315,4316,4317,1104,1133,4318,4319,4320,10133,4321,4322,4323,4324,4325,4326,469,4327,4328,4329,4330,4331,4332,1134,1357,4333,4334,4335,1105,4336,4337,4338,4339,4340,4341,4342,4343,4344,4345,4346,4347,1135,1137,4348,4349,4350,7110,1107,4351,4352,4353,4354,4355,4356,1361,4357,4358,4359,7167,4360,4361,4362,1136,1138,4363,4364,4365,1108,4366,4367,4368,4369,4370,4371,1360,4372,4373,4374,4375,4376,4377,333,1132,1139,4378,4379,4380,4383,4384,4385,181,1131,4386,4387,4388,4389,4390,4391,4392,4393,4394,1140,4395,4396,4397,1143,4398,4399,4400,4401,4402,4403,4404,4405,4406,1359,4407,4408,4409,8118,4410,4411,4412,1144,4413,4414,4415,4416,4417,4418,4419,4420,4421,6497,7168,4422,4423,4424,1362,4425,4426,4427,1145,4428,4429,4430,4431,4432,4433,6496,4434,4435,4436,4437,4438,4439,4440,4441,4442,1146,4443,4444,4445,4446,4447,4448,8611,4449,4450,4451,4452,4453,4454,4455,4456,4457,5999,4458,4459,4460,4461,4462,4463,4464,4465,4466,4467,4468,4469,8612,1739,4470,4471,4472,6519,4473,4474,4475,7169,4476,4477,4478,4479,4480,4481,4482,4483,4484,4485,4486,4487,6438,6520,4488,4489,4490,4491,4492,4493,4494,4495,4496,4497,4498,4499,4500,4501,4502,6439,4503,4504,4505,4506,4507,4508,4509,4510,4511,4512,4513,4514,4515,4516,4517,6440,4518,4519,4520,4521,4522,4523,8834,4524,4525,4526,4527,4528,4529,4530,4531,4532,4533,4534,4535,4536,4537,4538,4539,4540,4541,4542,4543,4544,180,4545,4546,4547,7165,7172,4548,4549,4550,4551,4552,4553,4554,4555,4556,4557,4558,4559,4560,4561,4562,4563,4564,4565,4566,4567,4568,7170,4569,4570,4571,4572,4573,4574,4575,4576,4577,4578,4579,4580,4581,4582,4583,4584,4585,4586,4587,4588,4589,4590,4591,4592,6494,6518,4593,4594,4595,4596,4597,4598,4599,4600,4601,4602,4603,4604,8296,4605,4606,4607,4608,4609,4610,7368,4611,4612,4613,7171,4614,4615,4616,8088,4617,4618,4619,4620,4621,4622,4623,4624,4625,4626,4627,4628,8835,4629,4630,4631,4632,4633,4634,4635,4636,4637,4638,4639,4640,4641,4642,4643,4644,4645,4646,8089,4647,4648,4649,4650,4651,4652,4653,4654,4655,4656,4657,4658,4659,4660,4661,4662,4663,4664,4665,4666,4667,7103,4668,4669,4670,4671,4672,4673,4674,4675,4676,4677,4678,4679,4680,4681,4682,6495,9135,7753,6782,9627,138,3803,3804,3805,3806,3807,3808,139,3809,3810,3811,3812,3813,3814,140,3815,3816,3817,3818,3819,3820,6792,3821,3822,3823,1366,3824,3825,3826,182,3827,3828,3829,183,188,3830,3831,3832,184,185,3833,3834,3835,194,3836,3837,3838,3839,3840,3841,3842,3843,3844,3845,3846,3847,1109,1365,3848,3849,3850,6725,3851,3852,3853,3854,3855,3856,3857,3858,3859,1148,3860,3861,3862,970,1110,3863,3864,3865,3866,3867,3868,3869,3870,3871,1152,3872,3873,3874,742,1149,1368,3875,3876,3877,317,436,1111,1364,2640,3878,3879,3880,10127,3881,3882,3883,336,3884,3885,3886,6762,9417,1150,3887,3888,3889,318,658,791,3890,3891,3892,1147,1153,3893,3894,3895,3896,3897,3898,319,1151,3899,3900,3901,9939,3902,3903,3904,3905,3906,3907,320,1363,1367,3908,3909,3910,1161,3911,3912,3913,1154,3914,3915,3916,9657,3917,3918,3919,7254,3920,3921,3922,2417,3923,3924,3925,1163,3926,3927,3928,7204,3929,3930,3931,3932,3933,3934,3935,3936,3937,1157,3938,3939,3940,3941,3942,3943,1164,3944,3945,3946,3947,3948,3949,2066,3950,3951,3952,6524,201,3953,3954,3955,657,3956,3957,3958,3959,3960,3961,335,3962,3963,3964,204,3965,3966,3967,1162,3968,3969,3970,6492,3971,3972,3973,3974,3975,3976,7205,3977,3978,3979,3980,3981,3982,3983,3984,3985,3986,3987,3988,200,3989,3990,3991,3992,3993,3994,3995,3996,3997,3998,3999,4000,4001,4002,4003,4004,4005,4006,4007,4008,4009,4010,4011,4012,4013,4014,4015,7890,4016,4017,4018,4019,4020,4021,4022,4023,4024,4025,4026,4027,4028,4029,4030,6769,7206,8300,4031,4032,4033,6442,4034,4035,4036,4037,4038,4039,4040,4041,4042,619,4043,4044,4045,8608,4046,4047,4048,7178,7184,4049,4050,4051,6454,4052,4053,4054,7183,4055,4056,4057,4058,4059,4060,4061,4062,4063,4064,4065,4066,4067,4068,4069,7207,4070,4071,4072,6525,4073,4074,4075,4076,4077,4078,4079,4080,4081,4082,4083,4084,7037,4085,4086,4087,4088,4089,4090,4091,4092,4093,4094,4095,4096,4097,4098,4099,7182,7185,4100,4101,4102,4103,4104,4105,4106,4107,4108,7181,4109,4110,4111,8607,4112,4113,4114,4115,4116,4117,4118,4119,4120,4121,4122,4123,3652,4124,4125,4126,4127,4128,4129,4130,4131,4132,8090,4133,4134,4135,4136,4137,4138,4139,4140,4141,4142,4143,4144,4145,4146,4147,8836,4148,4149,4150,6522,6523,7022,4151,4152,4153,4154,4155,4156,4157,4158,4159,4160,4161,4162,8297,4163,4164,4165,4166,4167,4168,4169,4170,4171,4172,4173,4174,4175,4176,4177,6521,4178,4179,4180,4181,4182,4183,4184,4185,4186,4187,4188,4189,4190,4191,4192,8091,4193,4194,4195,4196,4197,4198,4199,4200,4201,4202,4203,4204,8849,4205,4206,4207,4208,4209,4210,4211,4212,4213,4214,4215,4216,4217,4218,4219,7176,4220,4221,4222,8850,4223,4224,4225,4226,4227,4228,4229,4230,4231,4232,4233,4234,4235,4236,4237,4238,4239,4240,8275,8837,7189,8838,9136,8575",,,,0,1
817,0,1243,100,100,0,639553,2506968,4587520,"0,0,0,0,0",-1,0,3404,-1,,,,0,3
818,0,111,100,100,1,-1,-1,-1,"0,2109,210a,0,0",-1,0,3415,-1,,,,0,3
819,0,9030,100,100,0,1705930,6650520,16053303,"0,0,0,0,0",4,0,-1,,,,,0,3
820,0,9069,100,100,1,14966993,16448004,470007,"0,0,0,1a3d,0",-1,0,-1,,,,,0,3
821,,,,,,,,,,,,,,,,,,3
822,0,91,100,100,1,14492097,1118701,0,"0,275,308,0,0",-1,0,-1,-1,,,,0,3
823,0,80,100,100,0,11358362,16777139,0,"eb,0,304,0,0",-1,0,-1,-1,,,,0,3
824,0,9041,100,100,0,10365907,9273566,714715,"0,0,0,0,0",-1,0,3439,,,,,0,3
825,0,1207,100,100,0,6818803,15071231,7041688,"0,0,0,0,0",-1,0,-1,-1,,,,0,"1,3"
826,,,,,,,,,,,,,,,,,,3
828,,,,,,,,,,,,,,,,,,3
830,0,1073,100,100,0,-1,-1,-1,"0,0,0,0,0",-1,0,"10257,3535|-1,3454|10256,3534",-1,,,,0,3
831,,,,,,,,,,,,,,,,,,3
832,0,1003,100,100,0,-1,-1,-1,"0,0,0,0,0",-1,0,-1,-1,,,,0,3
833,,,,,,,,,,,,,,,,,,3
834,0,9090,100,100,0,2023454,15061273,16254506,"0,0,0,0,0",4,1076,3473,,,,,0,3
835,0,9090,100,100,0,14340132,15143935,1938473,"0,0,0,0,0",-1,1076,-1,-1,,,,0,3
836,0,9090,100,100,0,4897348,13991721,-1,"0,0,0,0,0",-1,1076,-1,-1,,,,0,"2,3"
837,,,,,,,,,,,,,,,,,,3
838,,,,,,,,,,,,,,,,,,3
839,0,70,100,100,0,3616719,6799305,15263798,"0,1bee,0,0,0",-1,0,-1,-1,,,,0,3
840,,,,,,,,,,,,,,,,,,3
841,,,,,,,,,,,,,,,,,,3
842,0,1003,100,100,0,-1,-1,-1,"0,0,0,0,0",-1,0,-1,-1,,,,0,3
843,0,30,100,100,0,16760576,8205625,16777139,"196d,2037,0,0,0",4,9102,3540,,,,,0,3
844,0,1003,100,100,0,-1,-1,-1,"0,0,0,0,0",-1,0,-1,-1,,,,0,3
845,0,9090,100,100,0,16767193,4092390,15738457,"0,0,0,0,0",-1,1076,-1,-1,,,,0,3
846,0,80,100,100,0,16760576,13055806,10627125,"1fa3,275,953,0,1ba8",4,9087,3678,,,,,0,3
847,0,111,100,100,1,2133067,13458604,16175502,"e42,1be6,69f,0,0",4,9085,3573,,,,B1;G2,0,3
848,0,30,100,100,0,394758,16121664,13070517,"0,1be7,0,0,0",-1,9096,3588,,,,B2;B1;B2;B1;G1,0,3
849,0,9037,100,100,0,-1,-1,-1,"0,0,0,0,0",-1,0,3596,,,,B2;G2;B1,0,3
850,0,31,100,100,1,173494,15924991,3482728,"0,1bee,9e6,1a3c,0",4,9101,3609,,,,,0,3
851,,,,,,,,,,,,,,,,,,3
852,,,,,,,,,,,,,,,,,,3
853,0,9090,100,100,0,6144572,12598616,-1,"0,0,0,0,0",-1,1076,-1,-1,,,,0,3
854,0,1197,100,100,0,-1,0,0,"0,774,210a,0,1baa",4,0,3629,,,,,0,3
855,0,30,100,100,0,8388615,16755731,5117722,"1c2d,2be,2a5,1d60,0",4,9098,3636,,,,,0,3
856,0,30,100,100,0,16711680,2949120,1245184,"0,2bd,0,0,0",4,9097,3646,,,,,0,3
857,0,30,100,100,0,6513587,16771366,13749677,"0,1b4c,0,0,0",-1,9089,3655,,,,,0,3
858,0,31,100,100,1,16755213,4073268,16773017,"0,9e3,9e4,0,1ba4",-1,9095,3658,,,,,0,3
859,0,9079,100,100,1,6579430,-1,16777215,"0,9aa,1b04,0,0",-1,0,3665,,,,,0,3
860,0,9019,100,100,0,-1,-1,-1,"1fa5,0,0,0,0",-1,0,3675,,,,,0,3
861,0,9019,100,100,0,-1,-1,-1,"0,0,0,0,0",-1,0,3692,,,,,0,3
862,0,9019,100,100,0,-1,-1,-1,"0,0,0,0,0",-1,0,3693,,,,,0,3
863,0,9031,100,100,0,-1,-1,-1,"0,0,0,0,0",-1,0,3739,,,,H3;H1;B1,0,3
864,0,9039,100,100,0,-1,-1,-1,"0,0,0,0,0",-1,0,3698,,,,,0,3
865,0,9041,100,100,0,8388608,-1,5832704,"0,0,0,0,0",-1,0,3701,,,,,0,3
866,0,9000,100,100,0,16378827,7555641,15984024,"0,0,0,0,0",-1,0,3704,,,,,0,3
867,0,9050,100,100,0,4159935,3436746,6176192,"0,0,0,1fd7,0",-1,0,3705,,,,,0,3
868,0,101,100,100,1,16310700,15239964,11627841,"0,2bf,0,0,0",-1,9099,3706,,,,,0,3
869,0,1212,100,100,1,649683,-1,16777215,"0,0,0,0,0",4,0,3710,,,,,0,3
870,0,9044,100,100,1,-1,-1,-1,"0,0,0,0,0",4,0,3718,,,,,0,3
871,0,81,100,100,1,16777215,16737555,14635481,"1091,1ef1,0,6c0,0",4,9094,3726,,,,,0,3
872,0,1207,100,100,0,8744205,-1,13215553,"0,0,0,0,0",-1,0,3731,,,,,0,3
873,0,9019,100,100,0,-1,-1,14869045,"0,0,0,0,0",-1,0,3761,,,,,0,3
874,0,9013,100,100,1,10118252,15590193,15395386,"0,0,0,6c0,0",-1,0,20030,,,"8546:1,421:5,303:10,1782:1,289:10|8538:1",,0,"2,3"
875,0,9059,100,100,0,8781824,3642041,16701568,"0,0,0,0,0",-1,0,3766,,,,,0,3
876,0,9059,100,100,0,12571268,6304805,7119687,"0,0,0,0,0",4,0,3772,,,,,0,3
877,,,,,,,,,,,,,,,,,,3
878,0,40,100,100,0,8158389,13677665,3683117,"0,20f9,2a5,1d5e,1b9e",4,9092,3786,,,,,0,3
879,0,41,100,100,1,16767910,16709884,3169697,"0,1c3a,3bd,0,0",-1,9093,3794,,,,,0,3
880,0,20,100,100,0,5855514,16777215,9847110,"0,0,2156,0,0",4,9103,3798,,,,,0,3
881,0,9035,100,100,0,-1,-1,-1,"0,0,0,0,0",-1,0,3746,,,,,0,3
882,0,9003,100,100,0,-1,-1,-1,"0,0,0,0,0",-1,0,3697,,,,,0,3
883,0,9008,100,100,0,-1,-1,-1,"0,0,0,0,0",-1,0,3745,,,,,0,3
884,0,121,100,100,1,-1,13885285,-1,"0,1ecf,1ecc,1fd7,0",4,9091,3813,,,,D3,0,3
885,0,50,100,100,0,16777215,16777215,12976128,"0,1d5c,a45,0,1ba9",-1,9088,3822,,,,,0,3
886,0,90,100,100,0,5767327,61976,16713222,"0,1951,952,0,0",-1,9086,"10352,3823|10359,3828|10364,3829",,,,,0,3
887,0,9083,100,100,0,8355711,-1,-1,"0,0,0,0,0",4,0,3832,,,,,0,3
888,0,9059,100,100,0,-1,-1,16777215,"0,0,0,0,0",-1,0,3840,,,,,0,3
889,0,9012,100,100,1,12130729,3188540,-1,"0,0,0,0,0",-1,9090,3848,,,,G2;H2,0,3
890,0,9047,100,100,0,-1,-1,-1,"0,0,0,0,0",-1,0,3849,,,,,0,3
891,0,9091,100,100,0,-1,-1,-1,"0,0,0,0,0",4,9100,3850,,,"2473:1,2474:1,2475:1,2476:1,2477:1,2478:1|815:1",,0,3
893,0,10,100,100,0,6832803,8629317,0,"0,0,0,0,0",-1,0,-1,-1,,,,0,3
894,,,,,,,,,,,,,,,,,,3
897,0,10,100,100,0,13762560,16771212,15658742,"0,0,0,0,0",-1,0,-1,-1,,,,0,3
899,,,,,,,,,,,,,,,,,,"1,3"
900,,,,,,,,,,,,,,,,,,3
902,0,20,100,100,0,-1,-1,-1,"0,1bef,309,0,0",-1,0,-1,-1,,,,0,3
903,0,11,100,100,1,14818392,6313130,13816364,"0,0,2f2,0,0",-1,0,-1,-1,,,,0,3
904,0,1109,100,100,0,-1,-1,-1,"0,0,0,0,0",-1,0,3984,-1,,,,0,3
906,0,9051,100,100,0,-1,-1,-1,"0,0,0,0,0",-1,0,-1,-1,,,,0,3
907,,,,,,,,,,,,,,,,,,3
911,,,,,,,,,,,,,,,,,,3
913,0,9097,100,100,0,-1,-1,-1,"0,0,0,0,0",-1,9019,-1,-1,,,,0,"3,8"
914,0,9066,100,100,0,-1,-1,-1,"0,0,0,0,0",-1,0,4058,-1,,,,0,3
916,0,9104,100,100,0,-1,-1,-1,"0,0,0,0,0",-1,0,-1,-1,,,,0,
923,,,,,,,,,,,,,,,,,,3
925,0,30,100,100,0,-1,-1,-1,"0,2bb,0,0,0",4,0,"9402,4123|10437,4130|10836,4135|10417,4128|11101,4129",,,,,0,3
926,0,10,100,100,0,16770534,-1,-1,"0,2290,0,0,0",4,0,4138,,,,,0,3
927,0,120,100,100,0,393216,393216,393216,"0,2179,0,0,0",-1,0,4137,-1,,,,0,3
928,0,30,100,100,0,15787994,9594674,16773874,"0,228d,0,0,0",-1,9105,4122,-1,,,,0,3
929,0,21,100,100,1,15988728,6331037,16514301,"0,0,0,0,0",4,0,4143,,,,,0,3
930,0,10,100,100,0,-1,-1,-1,"0,21e6,0,0,0",-1,0,-1,-1,,,,0,3
931,0,71,100,100,1,-1,-1,-1,"0,2275,0,0,0",4,0,4148,,,,,0,3
932,,,,,,,,,,,,,,,,,,3
933,0,9107,100,100,0,-1,-1,16773874,"0,0,0,0,0",-1,9022,4167,-1,,,,0,3
934,0,51,100,100,1,16711417,15135244,9659800,"0,0,0,0,0",-1,0,4162,-1,,,,0,3
935,0,11,100,100,1,-1,-1,-1,"0,22d6,22d7,0,0",-1,0,4172,-1,,,,0,3
936,0,61,100,100,1,-1,-1,-1,"0,22d6,22d7,0,0",-1,0,4172,,,,,0,3
937,0,110,100,100,0,-1,-1,-1,"0,228b,0,0,0",-1,0,4181,-1,,,,0,3
938,0,1108,100,100,1,762611,-1,16777215,"0,22d6,22d7,0,0",-1,0,4182,,,,,0,3
939,0,40,100,100,0,12224599,11894601,12356443,"0,22d6,22d7,0,0",-1,0,4172,-1,,,,0,3
940,0,81,100,100,1,16773874,16760767,16760767,"0,22d6,22d7,0,0",-1,0,4172,-1,,,,0,3
941,0,11,100,100,1,1754595,16600321,11664131,"0,2290,0,0,0",-1,0,"10722,4190|11234,4191",-1,,,,0,3
942,0,40,100,100,0,6247763,6247763,6247763,"0,227d,0,0,0",-1,0,"11066,4192|11069,4196",-1,,,,0,3
943,0,121,100,100,1,-1,-1,-1,"0,2277,0,0,0",-1,0,"10509,4200|10813,4201",-1,,,,0,3
944,,,,,,,,,,,,,,,,,,3
945,0,50,100,100,0,16773874,16719648,16510736,"0,228a,0,0,0",-1,0,"11260,4204|11517,4205",,,,,0,3
946,0,121,100,100,1,-1,-1,16037636,"0,2200,0,0,0",-1,0,4206,-1,,,,0,3
952,0,1155,100,100,0,-1,-1,-1,"0,0,0,0,0",-1,0,4225,"81,080,579,781,481,700,000,000,000,000,000,000,000,000",,,,0,"1,3"
954,0,120,100,100,0,-1,-1,-1,"0,231d,0,0,0",-1,0,4226,-1,,,,0,3
955,,,,,,,,,,,,,,,,,,3
956,,,,,,,,,,,,,,,,,,3
957,0,9110,100,100,0,-1,-1,-1,"0,0,0,0,0",-1,0,4235,-1,,,,0,3
958,0,60,100,100,0,0,15296602,5480413,"0,21b4,21c0,19cc,0",-1,0,-1,"8619,8717,8651,8663,8639,8628,8640,8664,8652,8715,8631,8643,8667,8655,8720,8633,8645,8669,8657,8725,8638,8650,8726,8662,8719,8635,8647,8713,8659,8721,8636,8648,8728,8660,8714,8632,8644,8668,8656,8724,8629,8641,8665,8653,8722,8637,8649,8727,8661,8718,8716,8670,8646,8658,8634,8723,8666,8642,8654,8630",,,,0,1
959,0,1528,100,100,0,-1,-1,-1,"0,0,0,0,0",-1,0,-1,-1,,,,0,3
962,,,,,,,,,,,,,,,,,,3
963,,,,,,,,,,,,,,,,,,3
964,0,9045,100,100,0,34,113,41,"0,0,0,0,0",-1,0,4345,,,,,0,3
965,,,,,,,,,,,,,,,,,,3
966,,,,,,,,,,,,,,,,,,3
968,,,,,,,,,,,,,,,,,,3
969,,,,,,,,,,,,,,,,,,3
970,,,,,,,,,,,,,,,,,,3
971,0,9015,100,100,0,-1,-1,-1,"0,0,0,0,0",-1,0,4469,-1,,,,0,3
972,,,,,,,,,,,,,,,,,,3
973,,,,,,,,,,,,,,,,,,3
974,,,,,,,,,,,,,,,,,,3
975,,,,,,,,,,,,,,,,,,3
977,,,,,,,,,,,,,,,,,,3
978,0,1205,100,100,0,-1,-1,-1,"0,0,0,0,0",-1,0,4665,,,,,0,3
979,,,,,,,,,,,,,,,,,,3
980,,,,,,,,,,,,,,,,,,3
981,,,,,,,,,,,,,,,,,,3
982,,,,,,,,,,,,,,,,,,3
983,0,1073,100,100,0,-1,-1,-1,"0,0,0,0,0",-1,0,4670,-1,,,,0,3
984,,,,,,,,,,,,,,,,,,3
1008,,,,,,,,,,,,,,,,,,3
1010,,,,,,,,,,,,,,,,,,3
1012,0,1205,100,100,0,-1,-1,-1,"0,0,846,0,0",-1,0,5117,-1,,,,0,3
1023,,,,,,,,,,,,,,,,,,3
1034,0,110,100,100,0,16055037,-1,2403546,"0,24b3,0,0,0",-1,0,"11878,5402|11886,5403|11891,5410",-1,,,,0,3
1035,0,1076,100,100,0,0,0,0,"0,0,0,0",-1,0,-1,,,,,0,3
1036,0,120,100,100,0,1880009,1880009,12562815,"0,1e00,0,0,0",-1,0,5471,-1,,,,0,3
1037,0,101,100,100,1,14188326,15975691,-1,"0,1acf,1ae6,2013,1b9d",-1,0,5482,,,,D2;B1;G1;B1,0,3
1038,0,9035,100,100,0,-1,-1,-1,"0,0,0,0,0",-1,0,5503,,,,,0,3
1041,0,81,100,100,1,2130958,0,14281765,"0,23dd,21bf,1f87,232e",-1,0,5516,,,,,0,3
1042,0,9045,100,100,0,9274992,3978690,-1,"0,0,0,0,0",-1,0,5546,,,,,0,3
1043,,,,,,,,,,,,,,,,,,3
1045,0,70,100,100,0,3131087,11897417,-1,"0,2155,2156,0,0",-1,0,5549,,,,,0,3
1046,,,,,,,,,,,,,,,,,,3
1047,,,,,,,,,,,,,,,,,,3
1048,,,,,,,,,,,,,,,,,,3
1049,,,,,,,,,,,,,,,,,,3
1050,,,,,,,,,,,,,,,,,,3
1051,,,,,,,,,,,,,,,,,,3
1053,0,30,100,100,0,-1,-1,-1,"0,21fc,0,0,0",-1,0,-1,"694,737,739,972,698,000,000,000,000,000,000,000,000,000,000,000,000",,,B2;G1,0,1
1054,0,121,100,100,1,-1,-1,-1,"0,96b,96e,23,2341",-1,0,5774,,,,,0,3
1055,0,121,100,100,1,-1,-1,-1,"0,96b,96e,23,2341",-1,0,5775,,,,,0,
1076,0,51,100,100,1,0,0,15751868,"0,2179,21c2,0,0",-1,0,5788,-1,,,,0,"3,7"
1077,0,31,100,100,1,14289675,9127098,14408482,"15b,1b4d,21ca,1ee7,0",-1,0,6122,-1,,,,0,3
1080,0,30,100,100,0,-1,-1,-1,"0,24c2,24c3,0,0",-1,0,5935,-1,,,,0,"2,3"
1088,0,9097,100,100,0,15945995,-1,-1,"0,0,0,0,0",-1,9019,6169,,,,B3;G3;H3;D2;B1,0,3
1090,0,121,100,100,1,16297990,10972695,14861340,"0,0,0,0,0",-1,0,6194,-1,,,,0,3
1091,0,51,100,100,1,16082697,16082697,1493192,"0,25bf,23dc,0,0",-1,0,6215,,,,,0,3
1092,0,71,100,100,1,16049924,-1,-1,"0,1fb4,1fb5,0,0",-1,0,6249,-1,,,,0,3
1093,,,,,,,,,,,,,,,,,,3
1094,,,,,,,,,,,,,,,,,,3
1095,,,,,,,,,,,,,,,,,,3
1096,,,,,,,,,,,,,,,,,,3
1097,,,,,,,,,,,,,,,,,,3
1098,0,9049,100,100,0,-1,-1,-1,"0,0,0,0,0",-1,0,6310,,,,,0,3
1099,,,,,,,,,,,,,,,,,,3
1100,0,100,100,100,0,-1,-1,-1,"0,0,0,0,0",-1,0,6327,,,,,0,3
1101,,,,,,,,,,,,,,,,,,3
1102,,,,,,,,,,,,,,,,,,3
1103,0,1056,100,100,0,-1,-1,-1,"0,0,0,0,0",-1,0,-1,-1,,,,0,3
1104,0,40,100,100,0,5281247,6716152,8631002,"0,1951,9f3,81d,0",-1,0,6404,-1,,,,0,3
1105,,,,,,,,,,,,,,,,,,3
1106,,,,,,,,,,,,,,,,,,3
1108,0,61,100,100,1,-1,-1,-1,"0,0,0,0,0",-1,0,6443,,,,,0,3
1109,0,21,100,100,1,-1,-1,-1,"0,0,0,0,0",-1,0,6444,,,,,0,3
1110,0,60,100,100,0,8529598,6628251,10189142,"406,1b28,1a90,0,0",-1,0,-1,-1,,,,0,3
1111,0,1179,100,100,0,-1,-1,-1,"0,0,0,0,0",-1,0,-1,,,,,0,
1112,,,,,,,,,,,,,,,,,,3
1113,0,31,100,100,0,6120845,16777215,16252289,"0,830,0,0,0",-1,0,-1,-1,,,,0,3
1114,0,1211,100,100,0,-1,-1,-1,"0,0,0,0,0",-1,0,-1,-1,,,,0,
1115,,,,,,,,,,,,,,,,,,3
1116,,,,,,,,,,,,,,,,,,3
1117,,,,,,,,,,,,,,,,,,3
1118,,,,,,,,,,,,,,,,,,3
1119,,,,,,,,,,,,,,,,,,3
1120,0,1012,100,100,0,-1,-1,-1,"0,0,0,0,0",-1,0,-1,-1,,,,0,3
1121,0,80,100,100,0,2403655,327939,13872146,"0,228b,94f,0,0",-1,0,6594,,,,,0,"1,3"
1123,,,,,,,,,,,,,,,,,,3
1127,0,81,100,100,1,2403655,327939,13872146,"0,228b,94f,0,0",-1,0,6594,-1,,,,0,"1,3"
1128,,,,,,,,,,,,,,,,,,3
1129,,,,,,,,,,,,,,,,,,3
1130,,,,,,,,,,,,,,,,,,3
1131,,,,,,,,,,,,,,,,,,3
1133,,,,,,,,,,,,,,,,,,3
1134,,,,,,,,,,,,,,,,,,3
1135,,,,,,,,,,,,,,,,,,3
1140,0,120,100,100,0,-1,-1,-1,"0,0,0,0,0",-1,0,6780,-1,,,,0,3
1158,0,20,100,100,0,-1,-1,-1,"0,275,306,0,0",-1,0,-1,"677,935,2118,2119,2473,6800,6801,6886,7999,8068,8231,8232,8233,8234,8235,8236,8333,8534,10686,10800,936,778,937,958,932,945,6922,8521,948,2414,6795,7174,8258,946,933,773,774,776,8532,934,775,947,744,1021,6720,781,9451,772,954,957,8112,754,758,790,971,8919,9415,9485,759,952,956,6763,9404,9456,9480,779,955,953,2382,9411,6927,9407,2380,2412,2534,6756,6757,7230,10058,10185,9933,1500,777,7137,2061,2413,2517,2518,6449,6940,6941,6942,6943,9195,9196,6931,6993,9569,9660,9540,9654,1910,2383,2445,7552,2386,8134,1693,967,7884,2489,6994,8117,2446,2532,2381,8007,8867,10846,7340,2387,7231,6954,7233,7011,6712,6707,1695,6775,8302,8639,8640,8641,8642,8643,8644,8645,8646,8647,8648,8649,8650,8181,2385,7232,8819,6811,8452,8281,6995,8443,8279,8866,8416,8464,2629,7138,2547,8286,8458,8265,8472,7515,8818,8280,8366,9141,9180,9142,8876,11542",,,D2;B1;G2,0,1
1162,0,40,100,100,0,7536640,3163940,12967391,"0,0,0,0,0",-1,0,7069,,,,,0,3
1163,0,1047,100,100,0,-1,-1,-1,"0,0,0,0,0",-1,0,-1,-1,,,,0,3
1165,0,1265,100,100,0,-1,-1,-1,"0,0,0,0,0",-1,0,7072,,,,,0,3
1166,,,,,,,,,,,,,,,,,,3
1216,,,,,,,,,,,,,,,,,,3
1217,0,1188,100,100,0,-1,-1,-1,"0,0,0,0,0",-1,0,7546,,,,,0,3
1218,,,,,,,,,,,,,,,,,,3
1220,0,9073,100,100,0,-1,-1,-1,"0,0,0,0,0",-1,0,2330,,,,,0,"3,5,6"
1221,0,9073,100,100,0,-1,-1,-1,"0,0,0,0,0",-1,0,2330,,,,,0,"3,5,6"
1222,,,,,,,,,,,,,,,,,,3
1223,0,71,100,100,1,58646,13364796,-1,"0,2c2,0,1e18,0",4,0,5452,,,,,0,3
1224,,,,,,,,,,,,,,,,,,3
1225,,,,,,,,,,,,,,,,,,3
1226,,,,,,,,,,,,,,,,,,3
1227,,,,,,,,,,,,,,,,,,3
1228,0,1073,100,100,1,-1,-1,-1,"0,0,0,0,0",-1,0,7583,-1,,,,0,3
1229,,,,,,,,,,,,,,,,,,3
1230,,,,,,,,,,,,,,,,,,3
1231,,,,,,,,,,,,,,,,,,3
1232,0,30,100,100,0,16711680,16777215,-1,"0,208e,208d,0,0",-1,0,7607,-1,,,,0,3
1233,0,31,100,100,1,16711680,16777215,-1,"0,208e,208d,0,0",-1,0,-1,-1,,,,0,"2,3"
1234,0,80,100,100,0,0,-1,11768408,"2064,205f,205e,0,0",-1,0,-1,-1,,,,0,"1,3"
1235,,,,,,,,,,,,,,,,,,3
1266,,,,,,,,,,,,,,,,,,3
1269,,,,,,,,,,,,,,,,,,3
1270,0,9013,100,100,0,-1,-1,-1,"0,0,0,0,0",-1,0,-1,"39,74,81,764,766,854,856,1710,2155,2478,6773,8213,8214,8215,8216,8217,8218,8538,68,75,82,279,325,786,2425,69,76,83,280,324,70,77,84,1330,6789,8253,158,1490,2396,2399,6918,6923,157,1484,2393,458,2426,6723,7880,8123,616,783,1485,8108,610,1481,7106,7342,161,9454,1489,1483,6466,2397,1486,6999,867,2389,2394,326,6742,1662,638,916,1480,6459,159,1661,2498,7000,617,1482,7250,10186,2392,2395,2424,6731,6746,6747,323,9193,9659,9944,1477,2388,1491,6462,8120,10055,1619,6934,7031,639,1476,1478,9658,2390,2443,9149,9150,9151,9152,1331,1474,2398,4684,7001,8129,2472,6499,8003,160,7253,6444,5122,6817,7012,6766,7251,8298,9153,9154,9155,9156,4381,8150,8880,917,9157,7252,7002,2391,6460,1099,6804,8273,8445,8453,8874,8465,8268,8411,6461,8290,7136,6443,1488,8459,7003,8469,8262,7221,8272,8863,9130,9179,9463,9464,11546",,,,0,1
1271,0,9033,100,100,0,-1,-1,-1,"0,0,0,0,0",-1,0,-1,"100,109,118,767,768,787,849,850,851,852,853,1501,1628,1629,1630,1631,1632,1633,2154,2475,7913,8219,8220,8221,8222,8223,8224,8537,9031,9202,9396,9919,10687,101,110,119,6919,6920,6771,6793,120,836,6911,102,111,103,112,121,841,2419,6791,8254,785,355,8126,1087,278,1493,1494,346,6961,7122,6910,1496,6722,9416,6915,8109,1729,732,1656,1657,359,1497,1498,2441,9452,9455,8881,6743,1495,9942,7246,10189,6928,7881,1718,2420,6464,9408,9543,2418,6732,6748,6749,10054,6944,6945,6946,6947,8121,9662,6463,7120,9198,9921,1559,8872,1602,6996,8136,7132,7121,7555,9122,9123,9124,9125,3203,6956,7117,8004,7128,7341,7131,7249,7119,1499,6468,7116,2469,8860,8879,6467,6819,6997,7123,7247,6465,6767,8149,8299,9126,9127,9128,9129,7248,6506,6469,7118,9148,8448,6805,8454,8269,8271,8412,8466,6998,8865,8263,8289,8460,8470,8714,8715,8716,8717,8718,8719,8720,8721,8722,8723,8724,8725,8270,8859,9177,9178,9132,9133,9131,8991,11543,11544,8877",,,,0,1
1272,0,9034,100,100,0,-1,-1,-1,"0,0,0,0,0",-1,0,-1,"297,298,890,911,2476,8067,8225,8226,8227,8228,8229,8230,8341,8535,10794,769,770,784,861,891,892,837,862,863,864,2422,6794,8256,902,8527,903,1624,3207,904,8128,924,6721,128,1621,1622,1623,6909,8111,129,299,888,130,889,6471,7214,9413,906,7107,907,6744,9402,7242,908,2374,7883,10190,909,2372,2421,6753,6754,6755,9542,9923,905,2063,10061,1719,9928,2521,2522,9199,9656,9667,9943,2423,2435,2545,6933,9576,733,9655,127,1665,2442,7554,9158,9159,9160,9161,1666,348,8122,7219,7245,7216,2470,2530,6493,8006,6953,2373,7104,6470,7244,6825,7889,910,7218,7243,2375,6774,8301,9162,9163,9164,9165,6654,8146,9166,8278,2384,912,8456,6807,8663,8664,8665,8666,8667,8668,8669,8670,8713,8726,8727,8728,8858,8446,8415,8467,8276,7215,2400,7513,7514,8291,8264,8462,8471,8869,7217,8277,9139,9140,9182,11547,8861",,,,0,1
1273,0,9045,100,100,0,-1,-1,-1,"0,0,0,0,0",-1,0,-1,"252,256,260,789,859,860,2477,8070,8237,8238,8239,8240,8241,8242,8536,10688,253,257,261,254,258,262,6912,255,259,263,2803,6796,8257,6925,734,6908,1701,2428,6724,8124,8113,2810,356,1700,2371,2233,2689,968,156,2710,9412,203,6745,6929,1720,2367,2368,7885,10191,9922,8873,9409,2370,2427,2537,6758,6759,7238,9929,2678,10056,8132,2429,2523,6935,9192,2524,6948,6949,6950,6951,9575,7039,1487,9186,9453,9549,2403,2809,6955,7239,9366,1667,2688,9167,9168,9169,9170,8119,2444,3204,3205,1668,2404,2471,2681,2683,2685,2687,6498,8008,2811,3206,6831,7241,7902,2808,2369,6776,8152,8303,9171,9172,9173,9174,2804,7240,1669,7029,9175,8870,2677,6812,8447,8455,8282,8468,8418,2655,6450,8288,7139,7140,8266,8871,2807,8651,8652,8653,8654,8655,8656,8657,8658,8659,8660,8661,8662,8461,8473,8862,8283,7559,9144,9145,9183,8856,9146,9143,11545",,,,0,1
1274,0,9015,100,100,0,-1,-1,-1,"0,0,0,0,0",-1,0,-1,"491,498,499,500,579,1563,1564,1565,6784,7493,7495,94,95,3359,3360,3361,96,3362,3363,3364,97,3365,3366,3367,3368,3369,3370,3371,3372,3373,205,211,3374,3375,3376,206,3377,3378,3379,207,340,3380,3381,3382,6924,208,212,3383,3384,3385,3386,3387,3388,213,3389,3390,3391,3392,3393,3394,214,3395,3396,3397,3398,3399,3400,3401,3402,3403,893,1370,3404,3405,3406,3407,3408,3409,3410,3411,3412,894,3413,3414,3415,3416,3417,3418,895,1030,3419,3420,3421,3422,3423,3424,896,3425,3426,3427,3428,3429,3430,218,3431,3432,3433,897,1373,1374,1504,3434,3435,3436,3437,3438,3439,1026,3440,3441,3442,898,1369,3443,3444,3445,919,3446,3447,3448,1027,1041,3449,3450,3451,899,3452,3453,3454,3455,3456,3457,1028,3458,3459,3460,900,3461,3462,3463,1031,1371,3464,3465,3466,8513,1029,3467,3468,3469,10187,3470,3471,3472,3473,3474,3475,1032,1372,3476,3477,3478,3479,3480,3481,341,3482,3483,3484,6982,3485,3486,3487,1033,3488,3489,3490,3491,3492,3493,3494,3495,3496,3497,3498,3499,1034,3500,3501,3502,1036,3503,3504,3505,3506,3507,3508,3509,3510,3511,1035,3512,3513,3514,3515,3516,3517,1037,3518,3519,3520,8093,3521,3522,3523,3524,3525,3526,3527,3528,3529,3530,3531,3532,7256,1038,3533,3534,3535,219,3536,3537,3538,3539,3540,3541,3542,3543,3544,1039,3545,3546,3547,8598,3548,3549,3550,3551,3552,3553,8599,3554,3555,3556,3557,3558,3559,3560,3561,3562,220,3563,3564,3565,3566,3567,3568,3569,3570,3571,3572,3573,3574,3575,3576,3577,3578,3579,3580,3581,3582,3583,1040,3584,3585,3586,6517,3587,3588,3589,3590,3591,3592,3593,3594,3595,3647,3648,3596,3597,3598,3599,3600,3601,3602,3603,3604,3605,3606,3607,3608,3609,3610,3611,3612,3613,3614,3615,3616,3651,3617,3618,3619,3620,3621,3622,3623,3624,3625,3626,3627,3628,3629,3630,3631,3649,3632,3633,3634,3635,3636,3637,3638,3639,3640,3641,3642,3643,3644,3645,3646,6713,7190,3653,3654,3655,3656,3657,3658,3659,3660,3661,3662,3663,3664,3665,3666,3667,3668,3669,3670,3671,3672,3673,3674,3675,3676,8444,3677,3678,3679,3680,3681,3682,3683,3684,3685,3686,3687,3688,3689,3690,3691,6984,7188,3692,3693,3694,3695,3696,3697,3698,3699,3700,3701,3702,3703,3704,3705,3706,3707,3708,3709,3650,3710,3711,3712,3713,3714,3715,6516,3716,3717,3718,3719,3720,3721,3722,3723,3724,3725,3726,3727,3728,3729,3730,3731,3732,3733,7191,3734,3735,3736,8414,3737,3738,3739,3740,3741,3742,3743,3744,3745,3746,3747,3748,3749,3750,3751,3752,3753,3754,3755,3756,3757,8092,3758,3759,3760,3761,3762,3763,3764,3765,3766,3767,3768,3769,3770,3771,3772,3773,3774,3775,3776,3777,3778,3779,3780,3781,6983,3782,3783,3784,3785,3786,3787,3788,3789,3790,3791,3792,3793,3794,3795,3796,3797,3798,3799,8929,3800,3801,3802,6981,8928,8927,8926,9176,9137,2156,2170,6663,6839,6840,8338,10797,40,42,2711,2712,3210,43,2713,2714,3211,44,2715,2716,3212,2717,2718,3213,2719,2720,3214,2721,2722,3215,2723,2724,3216,2725,2726,3217,7102,46,47,59,352,357,2727,2728,3218,48,2729,2730,3219,49,60,819,2731,2732,3220,61,327,820,2733,2734,3221,62,821,2735,2736,3222,328,2737,2738,3223,2739,2740,3224,2741,2742,3225,51,58,338,353,358,2743,2744,3226,53,67,2745,2746,3227,822,825,2747,2748,3228,54,823,826,2749,2750,3229,354,2751,2752,3230,6676,55,824,827,2753,2754,3231,339,2755,2756,3232,2757,2758,3233,2759,2760,3234,2402,2761,2762,3235,10126,2763,2764,3236,2765,2766,3237,66,2767,2768,3238,2769,2770,3239,2637,2771,2772,3240,9191,2773,2774,3241,2775,2776,3242,6957,2777,2778,3243,9938,2779,2780,3244,65,1636,2781,2782,3245,7200,2415,2783,2784,3246,6750,6751,6752,2785,2786,3247,2787,2788,3248,1637,2789,2790,3249,928,2544,2791,2792,3250,1640,2793,2794,3251,2795,2796,3252,1638,2797,2798,3253,2799,2800,3254,2801,2802,3255,6642,2898,2899,3256,202,1639,1641,2900,2901,3257,2902,2903,3258,2904,2905,3259,2906,2907,3260,2908,2909,3261,2910,2911,3262,1650,2912,2913,3263,2914,2915,3264,1475,1574,2916,2917,3265,620,2918,2919,3266,2920,2921,3267,2922,2923,3268,1651,2924,2925,3269,2926,2927,3270,2928,2929,3271,7201,2930,2931,3272,2638,2932,2933,3273,2934,2935,3274,2440,2936,2937,3275,6677,6821,2938,2939,3276,2940,2941,3277,2942,2943,3278,8605,2944,2945,3279,2946,2947,3280,4242,2948,2949,3281,7257,2950,2951,3282,2952,2953,3283,2954,2955,3284,1511,2956,2957,3285,2958,2959,3286,2960,2961,3287,2962,2963,3288,7202,2964,2965,3289,2966,2967,3290,4382,2968,2969,3291,2970,2971,3292,2972,2973,3293,2974,2975,3294,2976,2977,3295,2978,2979,3296,2980,2981,3297,2982,2983,3298,7203,2984,2985,3299,2639,2986,2987,3300,8676,8701,2988,2989,3301,2990,2991,3302,2992,2993,3303,2994,2995,3304,2996,2997,3305,4241,6799,8604,8965,8966,3103,3104,3306,3105,3106,3307,3107,3108,3308,3109,3110,3309,3111,3112,3310,3113,3114,3311,7198,3115,3116,3312,3117,3118,3313,3119,3120,3314,8450,3121,3122,3315,3123,3124,3316,7192,3125,3126,3317,3127,3128,3318,3129,3130,3319,3131,3132,3320,3133,3134,3321,3135,3136,3322,3137,3138,3323,3139,3140,3324,3141,3142,3325,3143,3144,3326,3145,3146,3327,3147,3148,3328,3149,3150,3329,3151,3152,3330,3153,3154,3331,7193,3155,3156,3332,8292,3157,3158,3333,3159,3160,3334,3161,3162,3335,3163,3164,3336,3165,3166,3337,3167,3168,3338,3169,3170,3339,3171,3172,3340,7199,3173,3174,3341,3175,3176,3342,3177,3178,3343,3179,3180,3344,3181,3182,3345,3183,3184,3346,3185,3186,3347,3187,3188,3348,8095,3189,3190,3349,3191,3192,3350,8596,3193,3194,3351,3195,3196,3352,3197,3198,3353,3199,3200,3354,3201,3202,3355,7195,8930,8094,8695,8932,9469,8931,8993,144,493,494,495,496,922,1520,1539,1560,1561,1562,6785,7098,7650,9961,145,146,5123,5124,5125,147,5126,5127,5128,5129,5130,5131,5132,5133,5134,5135,5136,5137,2416,5138,5139,5140,5141,5142,5143,5144,5145,5146,221,222,227,5147,5148,5149,223,5150,5151,5152,224,228,1399,5153,5154,5155,235,5156,5157,5158,5159,5160,5161,229,342,1060,5162,5163,5164,230,5165,5166,5167,1061,5168,5169,5170,271,1064,5171,5172,5173,1062,5174,5175,5176,236,1403,5177,5178,5179,1063,1065,5180,5181,5182,5183,5184,5185,455,5186,5187,5188,237,1066,5189,5190,5191,9403,5192,5193,5194,5195,5196,5197,1067,5198,5199,5200,5201,5202,5203,5204,5205,5206,5207,5208,5209,1068,5210,5211,5212,1379,1404,5213,5214,5215,1072,5216,5217,5218,1069,5219,5220,5221,5222,5223,5224,1076,5225,5226,5227,1070,1073,5228,5229,5230,5231,5232,5233,7882,5234,5235,5236,1071,1077,5237,5238,5239,1074,5240,5241,5242,5243,5244,5245,1479,5246,5247,5248,1078,5249,5250,5251,1075,5252,5253,5254,3357,5255,5256,5257,5258,5259,5260,6508,1079,5261,5262,5263,5264,5265,5266,5267,5268,5269,1393,5270,5271,5272,1080,1383,5273,5274,5275,6513,5276,5277,5278,5279,5280,5281,6503,5282,5283,5284,5285,5286,5287,1081,5288,5289,5290,5291,5292,5293,5294,5295,5296,5297,5298,5299,5300,5301,5302,1082,5303,5304,5305,234,5306,5307,5308,5309,5310,5311,5312,5313,5314,5315,5316,5317,1083,5318,5319,5320,5321,5322,5323,5324,5325,5326,5327,5328,5329,5330,5331,5332,5333,5334,5335,5336,5337,5338,5339,5340,5341,5342,5343,5344,1085,5345,5346,5347,8878,5348,5349,5350,1084,5351,5352,5353,6504,8148,233,5354,5355,5356,6512,5357,5358,5359,8615,5360,5361,5362,5363,5364,5365,8833,5366,5367,5368,5369,5370,5371,5372,5373,5374,5375,5376,5377,5378,5379,5380,6507,5381,5382,5383,5384,5385,5386,5387,5388,5389,5390,5391,5392,5393,5394,5395,5396,5397,5398,5399,5400,5401,5402,5403,5404,5405,5406,5407,5408,5409,5410,6505,5411,5412,5413,5414,5415,5416,5417,5418,5419,5420,5421,5422,5423,5424,5425,5426,5427,5428,5429,5430,5431,7154,7156,5432,5433,5434,5435,5436,5437,5438,5439,5440,5441,5442,5443,5444,5445,5446,8413,5447,5448,5449,7155,5450,5451,5452,5453,5454,5455,5456,5457,5458,5459,5460,5461,5462,5463,5464,5465,5466,5467,5468,5469,5470,6509,6510,6511,5471,5472,5473,5474,5475,5476,5477,5478,5479,8294,5480,5481,5482,7157,5483,5484,5485,8825,5486,5487,5488,7153,5489,5490,5491,5492,5493,5494,5495,5496,5497,8097,5498,5499,5500,5501,5502,5503,5504,5505,5506,8826,5507,5508,5509,5510,5511,5512,5513,5514,5515,7159,5516,5517,5518,5519,5520,5521,5522,5523,5524,5525,5526,5527,5528,5529,5530,8096,5531,5532,5533,5534,5535,5536,5537,5538,5539,7158,5540,5541,5542,5543,5544,5545,5546,5547,5548,5549,5550,5551,5552,5553,5554,5555,5556,5557,5558,5559,5560,7197,8616,9117,150,6786,151,152,5561,5562,5563,153,5564,5565,5566,5567,5568,5569,5570,5571,5572,5573,5574,5575,5576,5577,5578,8255,5579,5580,5581,5582,5583,5584,238,244,5585,5586,5587,5588,5589,5590,239,245,1059,5591,5592,5593,240,5594,5595,5596,241,246,5597,5598,5599,5600,5601,5602,247,5603,5604,5605,251,293,5606,5607,5608,1432,5609,5610,5611,5612,5613,5614,294,5615,5616,5617,1426,5618,5619,5620,345,1055,5621,5622,5623,295,5624,5625,5626,482,5627,5628,5629,1056,5630,5631,5632,296,483,5633,5634,5635,1429,5636,5637,5638,484,1057,5639,5640,5641,5642,5643,5644,5645,5646,5647,1042,1058,5648,5649,5650,5651,5652,5653,5654,5655,5656,1043,5657,5658,5659,1046,5660,5661,5662,5663,5664,5665,347,1044,5666,5667,5668,5669,5670,5671,1047,5672,5673,5674,1045,5675,5676,5677,5678,5679,5680,1430,5681,5682,5683,1048,5684,5685,5686,5687,5688,5689,5690,5691,5692,1050,5693,5694,5695,1049,1436,5696,5697,5698,5699,5700,5701,3356,5702,5703,5704,6527,1054,5705,5706,5707,1051,5708,5709,5710,1427,5711,5712,5713,5714,5715,5716,5717,5718,5719,5720,5721,5722,1052,5723,5724,5725,1431,1433,5726,5727,5728,5729,5730,5731,5732,5733,5734,5735,5736,5737,1053,5738,5739,5740,5741,5742,5743,5744,5745,5746,8614,5747,5748,5749,5750,5751,5752,5753,5754,5755,5756,5757,5758,8613,5759,5760,5761,6539,250,5762,5763,5764,5765,5766,5767,5768,5769,5770,5771,5772,5773,5774,5775,5776,5777,5778,5779,5780,5781,5782,5783,5784,5785,1435,5786,5787,5788,5789,5790,5791,5792,5793,5794,5795,5796,5797,5798,5799,5800,6538,5801,5802,5803,5804,5805,5806,5807,5808,5809,6540,5810,5811,5812,6528,6537,5813,5814,5815,5816,5817,5818,5819,5820,5821,5822,5823,5824,5825,5826,5827,5828,5829,5830,6526,5831,5832,5833,5834,5835,5836,5837,5838,5839,5840,5841,5842,5843,5844,5845,5846,5847,5848,5849,5850,5851,5852,5853,5854,5855,5856,5857,5858,5859,5860,5861,5862,5863,5864,5865,5866,5867,5868,5869,5870,5871,5872,5873,5874,5875,5876,5877,5878,5879,5880,5881,5882,5883,5884,5885,5886,5887,5888,5889,5890,5891,5892,5893,8419,5894,5895,5896,5897,5898,5899,5900,5901,5902,5903,5904,5905,5906,5907,5908,6536,5909,5910,5911,6535,5912,5913,5914,5915,5916,5917,5918,5919,5920,5921,5922,5923,5924,5925,5926,5927,5928,5929,8420,5930,5931,5932,5933,5934,5935,5936,5937,5938,5939,5940,5941,8417,5942,5943,5944,5945,5946,5947,5948,5949,5950,5951,5952,5953,5954,5955,5956,5957,5958,5959,8936,5960,5961,5962,5963,5964,5965,5966,5967,5968,5969,5970,5971,5972,5973,5974,7213,5975,5976,5977,5978,5979,5980,5981,5982,5983,5984,5985,5986,5987,5988,5989,5990,5991,5992,5993,5994,5995,5996,5997,5998,8937,8935,9468,454,2376,8098,8539,2587,6000,6001,6002,2589,6003,6004,6005,6006,6007,6008,673,771,6009,6010,6011,6914,6012,6013,6014,6015,6016,6017,6018,6019,6020,2590,6021,6022,6023,6024,6025,6026,6027,6028,6029,1375,6030,6031,6032,6033,6034,6035,502,6036,6037,6038,6039,6040,6041,6042,6043,6044,6045,6046,6047,675,6048,6049,6050,1377,6051,6052,6053,6054,6055,6056,6057,6058,6059,676,6060,6061,6062,6063,6064,6065,7212,782,6066,6067,6068,1378,6069,6070,6071,6072,6073,6074,6075,6076,6077,6078,6079,6080,674,6081,6082,6083,456,6084,6085,6086,6087,6088,6089,1376,6090,6091,6092,6093,6094,6095,7208,6096,6097,6098,6099,6100,6101,2592,6102,6103,6104,6105,6106,6107,6108,6109,6110,2593,6111,6112,6113,6114,6115,6116,6117,6118,6119,6120,6121,6122,6123,6124,6125,478,6126,6127,6128,6129,6130,6131,6132,6133,6134,6135,6136,6137,2595,6138,6139,6140,6141,6142,6143,6144,6145,6146,2597,6147,6148,6149,6150,6151,6152,8130,6153,6154,6155,2601,6156,6157,6158,6159,6160,6161,6162,6163,6164,7209,6165,6166,6167,6168,6169,6170,515,6171,6172,6173,8617,6174,6175,6176,6177,6178,6179,6180,6181,6182,2600,2603,6183,6184,6185,6186,6187,6188,6189,6190,6191,6192,6193,6194,6195,6196,6197,6198,6199,6200,6201,6202,6203,6204,6205,6206,923,6207,6208,6209,6210,6211,6212,6213,6214,6215,6216,6217,6218,2604,6219,6220,6221,6222,6223,6224,6225,6226,6227,8618,2606,6228,6229,6230,6231,6232,6233,6234,6235,6236,7210,7255,2608,6237,6238,6239,6240,6241,6242,6243,6244,6245,2612,6246,6247,6248,6249,6250,6251,6252,6253,6254,2614,6255,6256,6257,6258,6259,6260,6261,6262,6263,927,6264,6265,6266,6267,6268,6269,6270,6271,6272,2615,6273,6274,6275,6276,6277,6278,6279,6280,6281,7211,2616,6282,6283,6284,6285,6286,6287,6288,6289,6290,6291,6292,6293,6294,6295,6296,6297,6298,6299,6300,6301,6302,6303,6304,6305,6306,6307,6308,6309,6310,6311,6312,6313,6314,8274,6315,6316,6317,6318,6319,6320,6321,6322,6323,8100,6324,6325,6326,6327,6328,6329,6330,6331,6332,6333,6334,6335,8099,6336,6337,6338,6339,6340,6341,6342,6343,6344,6345,6346,6347,6348,6349,6350,6351,6352,6353,6354,6355,6356,6357,6358,6359,6360,6361,6362,6363,6364,6365,8293,6366,6367,6368,6369,6370,6371,8101,6372,6373,6374,6375,6376,6377,6378,6379,6380,6381,6382,6383,6384,6385,6386,6387,6388,6389,6390,6391,6392,6393,6394,6395,6396,6397,6398,8868,6399,6400,6401,6402,6403,6404,8827,6405,6406,6407,6408,6409,6410,6411,6412,6413,6414,6415,6416,6417,6418,6419,6420,6421,6422,6423,6424,6425,6426,6427,6428,6429,6430,6431,6432,6433,6434,6435,6436,6437,8934,8933,9138,489,490,492,596,951,1473,1505,1860,1861,1862,1863,1864,1865,1866,1867,1868,1934,1936,1938,1939,1940,1941,1942,1943,1944,1945,1946,2188,2366,6661,6856,7494,8541,8542,497,1438,1439,577,8540,765,8127,8992",,,,0,1
1275,,,,,,,,,,,,,,,,,,3
1276,,,,,,,,,,,,,,,,,,3
1277,,,,,,,,,,,,,,,,,,3
1278,,,,,,,,,,,,,,,,,,3
1279,,,,,,,,,,,,,,,,,,3
1280,,,,,,,,,,,,,,,,,,3
1281,,,,,,,,,,,,,,,,,,3
1282,0,9223,100,100,0,-1,-1,-1,"0,0,0,0,0",-1,0,7678,,,,,0,3
1283,0,9222,100,100,0,-1,-1,-1,"0,0,0,0,0",-1,0,7678,,,,,0,3
1284,0,1728,100,100,0,-1,-1,-1,"0,0,0,0,0",-1,0,7679,,,,,0,3
1286,,,,,,,,,,,,,,,,,,1
1435,,,,,,,,,,,,,,,,,,"1,3"
1452,,,,,,,,,,,,,,,,,,3
1453,0,9016,100,100,1,13476799,8463428,6761477,"0,0,0,0,0",-1,0,9612,"14050,14051,14052,12839,12840,12841;16000",,,,0,"1,3"
1454,,,,,,,,,,,,,,,,,,3
1455,0,9294,100,100,1,-1,-1,-1,"0,0,0,0,0",-1,0,9041,9613,,,,0,3
1456,0,1017,100,100,0,-1,-1,-1,"0,0,0,0,0",-1,0,-1,,,,,0,
1458,,,,,,,,,,,,,,,,,,3
2000,,,,,,,,,,,,,,,,,,3
2005,0,90,100,100,0,5767327,61976,16713222,"0,1951,952,0,0",-1,0,-1,,,,,0,
2007,0,90,100,100,0,5767327,61976,16713222,"0,1951,952,0,0",-1,0,20020,,,,,0,
2009,0,90,100,100,0,0,0,0,"0,0,0,0",-1,0,20090,,,,,0,
2011,0,30,100,100,0,-1,-1,-1,"0,2bb,0,0,0",4,0,21108,,,,,0,
2012,0,30,100,100,0,-1,-1,-1,"0,2bb,0,0,0",4,0,21109,,,,,0,
2013,0,30,100,100,0,-1,-1,-1,"0,2bb,0,0,0",4,0,21111,,,,,0,
2014,0,30,100,100,0,-1,-1,-1,"0,2bb,0,0,0",4,0,-1,,,,,0,
2017,0,120,100,100,0,-1,-1,-1,"0,1acf,0,0,1b9d",4,0,21120,,,,,0,
2026,0,9041,100,100,0,0,0,0,"0,0,0,0",-1,0,21192,,,,,0,
2027,0,50,100,100,0,3248109,16724531,16773874,"0,205d,2059,0,0",-1,0,21198,,,,,0,
2028,0,50,100,100,0,3248109,16724531,16773874,"0,205d,2059,0,0",-1,0,21202,,,,,0,
2029,0,50,100,100,0,3248109,16724531,16773874,"0,205d,2059,0,0",-1,0,21200,,,,,0,
2030,0,50,100,100,0,3248109,16724531,16773874,"0,205d,2059,0,0",-1,0,21204,,,,,0,
2032,0,1001,100,100,0,-1,-1,-1,"0,0,0,0",-1,0,3276,,,,,0,
2033,0,1001,100,100,0,-1,-1,-1,"0,0,0,0",-1,0,3279,,,,,0,
2034,0,1001,100,100,0,-1,-1,-1,"0,0,0,0",-1,0,32800,,,,,0,
2035,0,1001,100,100,0,-1,-1,-1,"0,0,0,0",-1,0,3278,,,,,0,
2042,0,1158,100,100,0,-1,-1,-1,"0,0,0,0",-1,0,3279,,,,,0,
2043,0,1158,100,100,0,-1,-1,-1,"0,0,0,0",-1,0,3280,,,,,0,
3000,0,30,100,100,0,16711680,16777215,-1,"0,208e,208d,0,0",-1,0,5494,,,,,0,
3001,0,7020,100,100,0,0,0,0,"0,0,0,0",-1,0,19999,,,,,0,
4000,0,1017,100,100,0,-1,-1,-1,"0,0,0,0,0",-1,0,-1,,,,,0,3
4001,0,10,100,100,0,-1,-1,-1,"0,0,0,0,0",-1,0,-1,,,,,0,
4002,0,21,100,100,0,-1,-1,-1,"0,0,0,0,0",-1,0,-1,,,,,0,
4003,0,30,100,100,0,-1,-1,-1,"0,0,0,0,0",-1,0,-1,,,,,0,
4004,0,41,100,100,0,-1,-1,-1,"0,0,0,0,0",-1,0,-1,,,,,0,
4005,0,50,100,100,0,-1,-1,-1,"0,0,0,0,0",-1,0,-1,,,,,0,
4006,0,61,100,100,0,-1,-1,-1,"0,0,0,0,0",-1,0,-1,,,,,0,
4007,0,70,100,100,0,-1,-1,-1,"0,0,0,0,0",-1,0,-1,,,,,0,
4008,0,81,100,100,0,-1,-1,-1,"0,0,0,0,0",-1,0,-1,,,,,0,
4009,0,90,100,100,0,-1,-1,-1,"0,0,0,0,0",-1,0,-1,,,,,0,
4010,0,101,100,100,0,-1,-1,-1,"0,0,0,0,0",-1,0,-1,,,,,0,
4011,0,110,100,100,0,-1,-1,-1,"0,0,0,0,0",-1,0,-1,,,,,0,
4012,0,121,100,100,0,-1,-1,-1,"0,0,0,0,0",-1,0,-1,,,,,0,
5000,0,9059,100,100,0,8781824,3642041,16701568,"0,0,0,0,0",-1,0,-1,"42,89,95,132,138,145,151",,,,0,1
7740,0,9048,100,100,0,-1,-1,-1,"0,0,0,0",-1,0,3181,,,,,0,
7890,0,70,100,100,0,16777215,-1,-1,"0,205f,205e,0,0",-1,0,32360,,,,,0,
8300,0,1073,100,100,0,-1,-1,-1,"0,0,0,0",-1,0,3534,,,,,0,
8301,0,1073,100,100,0,-1,-1,-1,"0,0,0,0",-1,0,3535,,,,,0,
9420,0,40,100,100,0,6247763,6247763,6247763,"0,227d,0,0,0",-1,0,4196,-1,,,,0,
9430,0,121,100,100,1,-1,-1,-1,"0,2277,0,0,0",-1,0,4201,-1,,,,0,
9460,0,121,100,100,1,-1,-1,16037636,"0,2200,0,0,0",-1,0,4208,-1,,,,0,
10000,0,110,100,100,0,16777215,-1,1618672,"0,24b3,0,0,0",-1,0,10000,,,,,0,
10001,0,110,100,100,0,16777215,-1,1618672,"0,24b3,0,0,0",-1,0,10002,,,,,0,
10002,0,110,100,100,0,16777215,-1,1618672,"0,24b3,0,0,0",-1,0,10007,,,,,0,
10036,0,9023,100,100,0,-1,-1,-1,"0,0,0,0",-1,0,-1,"81,648,165,816,681,600,000,000,000,000,000",,,,0,
11940,0,120,100,100,0,1880009,1880009,12562815,"0,1e00,0,0,0",-1,0,5489,-1,,,,0,
14240,0,1001,100,100,1,-1,-1,-1,"0,0,0,0",-1,0,3275,,,,,0,
16000,0,1492,120,120,0,-1,-1,-1,"0,0,0,0,0",-1,0,-1,,,,,0,
17100,0,8003,100,100,0,-1,-1,-1,"0,0,0,0",-1,0,17569,,,,,0,
17563,0,30,100,100,0,16711680,16777215,-1,"0,208e,208d,0,0",-1,0,17564,,,,,0,
20000,0,8010,100,100,0,0,0,0,"0,1e00,0,0",-1,0,20000,,,,,0,
20100,0,9087,100,100,0,0,0,0,"0,0,0,0",-1,0,20100,,,,,0,
20200,0,9015,100,100,0,0,0,0,"0,0,0,0",-1,0,20200,,,,,0,
30000,0,9050,100,100,0,0,0,0,"0,0,0,0",-1,0,30000,,,"421:200,428:100,306:200,2253:30,7266:100,7904:50,9384:1,9385:1,9386:1,9387:1,9391:1,8157:1|7707:1",H2;G2,0,
36000,0,1202,130,130,0,-1,-1,-1,"0,0,0,0",-1,0,-1,"11714,2,11712,11713,11804;12885",,,,1,
65394,0,120,100,100,0,-1,-1,-1,"0,0,0,0",-1,0,65395,,,,,0,
79999,,,,,,,,,,,,,,,,,,1
94500,0,50,100,100,0,16773874,16719648,16510736,"0,228a,0,0,0",-1,0,4205,-1,,,,0,3
98632,0,9097,105,105,0,2130958,0,14281765,"0,0,0,0",-1,0,98634,-1,,,D2;B2,0,
98633,0,9084,150,150,0,-1,-1,-1,"0,0,0,0,0",-1,0,98730,"147,345,419,344,975,000,000,000,000,000,000,000,000,000,000,000,000,000,000,000,000,000,000,000",,,D2;B2,0,
